HealthCareFacility,Photos,Latitude,Longitude,MedicalSubdivision,RAPID_CHVA_Vulnerability,RAPID_CHVA_Vulnerability_Numeric,AdaptiveCapacity,DistanceFromShoreline (in meters),SeaLevelRise,CoastalErosion,AirPollution,Flooding,Cyclones,Drought,High Rainfall,Low Rainfall,Landslide,ChangingEcosystem,LackOfArableLand,HighTemperature,WaterShortage,SeawaterIntrusion,StructuralSafety,ConditionOfBuilding,StructuralResilience,Non-structuralSafety,WindowsAndShutters,Roofing,InternalWallsAndPartitions,EvacuationRoutes,Security,InfastructuralRiskFactorsPreventingAccess,WaterSupply,EnergySupply,ExposureToHeat,WasteManagement,MosquitosAndRodents,AdditionalRiskFactors,Country
Vunisea Subdivisional Hospital,,-19.05,178.16,Kadavu,Low - Medium Vulnerability,1.00,AC2,N/A,Yes,No,No,Yes,Yes,No,Yes,No,Yes,Yes,Yes,Yes,Yes,Yes,High,Average,Average,Average,Average,Average,Average,Average,Average,"Lack of proper roads, transportation costs high, lack of distance, potential damage to road/bridge, potential damage to building.",WAF Supply,HCF Generator only,"Outdoor activities, lack of shade, lack of indoor cooling facility","Improvement needed, incinerator working, infectious waste burned in pine forest, gen waste onsite burning.",High,"School dropouts 6-19, education and livlehood 20-29, health accessibility for elderly, elderly negligence, DV and elderly community, farming and fishing communities, lack of safe water for drinking and sanitation.",Fiji
Vunisea Heath Centre,,-19.05,178.16,Kadavu,Low - Medium Vulnerability,1.00,AC2,N/A,No,No,No,Yes,Yes,No,Yes,Yes,Yes,Yes,No,Yes,Yes,No,High,Average,Average,Average,Average,Average,Average,Average,Average,"Distance of health care facility, costs of transportation to the HCF - costly",WAF + water tank,"Solar energy, generator + EEL backup power generator","Outdoor activities, lack of shade, lack of indoor cooling facility","Gen waste - burn and bury onsite, sharps and needles collected at the Vunisea Hospital.",High,"Vax defaulters for children and also elderlies for SOPD CLINICS, mostly farming and fishing communities, lack of safe water for drinking and cooking hygiene practices, flooring is soft slowly rotting away, last time it was removed before TC Harold, waiting area for patients needs to be properly covered to protect patients, rusty strappings on the beams and some are visible and broken. ",Fiji
Daviqele Health Centre,,-19.14,178.00,Kadavu,Medium to High Vulnerability,2.00,AC3,150,Yes,No,No,No,Yes,No,No,No,No,No,No,Yes,Yes,Yes,Low,Average,Low,Average,Average,Average,Average,Average,Average,"Lack of proper roads, transportation costs high, lack of distance, potential damage to road/bridge, potential damage to building.",Water tank + water supply sharing with the village for both clnic and quarters,HCF generator -- solar not functioning since 2021,"Outdoor activities, ack of shade, lack of indoor cooling","Incinerator not working, gen waste onside burning, sharps and needles advised to bury them.",High,"Substance abuse - marijuana, default cases of ANC, mostly farming and fishing communities, lack of safe water for drinking and sanitation",Fiji
Kavala Health Centre,,-18.97,178.43,Kadavu,Medium to High Vulnerability,2.00,AC3,N/A,Yes,No,Yes,Yes,Yes,Yes,No,No,Yes,No,No,Yes,Yes,Yes,Low,Average,Low,Average,Average,Average,Average,Average,Average,"Distance to health care facility, cost of transportation to HCF - costly","Water tank + water dam source sharing with other Naleca settlements. Sometimes it gets brownish in color, new water tanks recently offloaded at the clinic for installation",Water tank + HCF generator only,"Outdoor activities, lack of shade, lack of indoor cooling facility","Gen waste - burn and bury onsite, sharps and needles collected at the Vunisea Hospital.",High,"Vax defaulters for GOPD Defaulters, teenage pregnancies, DV, substance abuse, elderly negligence, high school dropouts, farming and fishing communities.",Fiji
Naqara Nursing Station,,-18.88,178.49,Kadavu,Medium to High Vulnerability,2.00,AC3,N/A,Yes,No,No,No,Yes,Yes,Yes,No,No,No,No,Yes,Yes,Yes,Low,Average,Low,Low,Average,Average,Average,Average,Average,"Lack of proper roads, transportation costs high, lack of distance, potential damage to road/bridge, potential damage to building.",Water tank,Solar energy+ backup power generator,"Outdoor activities, lack of shade, lack of indoor cooling facility","Need improvements...patients' toilets not working and closed, incinerator not working, infectious waste buried at pine forest, gen waste onsite burning.",High,"Substance abuse - marijuana, mostly farming and fishing communities, lack of safe water for drinking and sanitation",Fiji
Soso Nursing Station,,-19.01,178.32,Kadavu,Medium to High Vulnerability,2.00,AC3,N/A,No,No,No,Yes,Yes,No,Yes,No,No,No,Yes,No,Yes,No,High,Average,Average,Average,Average,Average,Average,Average,Average,"Lack of proper roads, transportation costs high, lack of distance, potential damage to road/bridge (newly constructed road Vunisea - Vacalea road, not yet commission, potential damage to building.",Water tank + borehole -- retention tank to clinic pipe systems,Solar energy + no power backup,"Outdoor activities, lack of shade, lack of indoor cooling facility","Incinerator not working, gen waste onside burning, sharps and needles advised to bury them.",High,"50 % vax defaulters due to religiou beliefs, substance abuse -- marajuana, 80 % SOPD defaulters - financial constraints, fridge working, part of the roof over the clinic area is collapsed, 96 % farmers and fisherman, 3 partially disabled and 1 completely disabled.",Fiji
Vacalea Nursing Station,,-19.03,178.43,Kadavu,High Vulnerability,3.00,AC3,25,Yes,Yes,No,No,Yes,Yes,No,Yes,No,Yes,No,No,Yes,No,Low,Low,Low,Low,Low,Low,Average,Low,Low,"Lack of proper road... all by sea, distance of health facility, 100% lack of safe water for drinking and sanitation",Water tank + supply shared with village and HCF from the dam to the tanks,"Solar energy + generator owned by NURSE, she uses it as a backup","Outdoor activities, lack of shade, lack of indoor cooling facility","Gen waste - burn and bury onsite, sharps and needles collected at the Vunisea Hospital.",High,N/A,Fiji
Gasele Nursing Station (currently closed),,-18.95,178.30,Kadavu,High Vulnerability,3.00,AC3,16,Yes,Yes,Yes,No,Yes,No,No,No,No,No,No,Yes,Yes,yes,Low,Low,Low,Low,Low,Low,Low,Low,Low,"HCF closed down temporarily due to dilapidated conditions of the building, need a total repair and full maintenance of the clinic, water supply and quarts.",Water tank + dam-- source sharing with other Nalcea settlements. Sometimes it gets brownish in color. New water tanks recently offloaded at the clinic for new installation,Water tank + HCF generator only w/no backup power,"Outdoor activities, lack of shade, lack of indoor cooling facility","Gen waste - burn and bury onsite, sharps and needles collected at the Vunisea Hospital.",High,"Substance abuse and similar social issues recorded in other HCFs, farming and fishing community, all those that require the SOPD clinic, very expensive to hire the boat to Kavala Health Centre or Vunisea Hospital, domicile visitation -- staffs from Kavala Health Centre or Vunisea Hospital.",Fiji
Nalotu Nursing Station,,-19.07,178.05,Kadavu,High Vulnerability,3.00,AC3,17.6,Yes,Yes,No,Yes,Yes,Yes,Yes,No,No,Yes,No,Yes,Yes,Yes,Low,Low,Low,Average,Low,Average,Average,Average,Average,"Lack of proper road/bridge, potential damage to buildings, lack and distance of HCF, transportation costs, lack of safe water for drinking and sanitation",Water tank + rainwater,,"Outdoor activities, lack of shade, lack of indoor cooling facility","Needs a lot of improvement, toilets need repairs and out of water, needles and sharps burnt and bury, general waste onsite burning.",High,"WC not working. 17-19 substance abuse and yaqona drinking, teenage pregnancies and single mothers 18+, mostly fishing and farming communities.",Fiji
Talaulia Nursing Station,,-19.11,178.01,Kadavu,High Vulnerability,3.00,AC3,11.2,Yes,Yes,No,Yes,Yes,No,No,No,No,Yes,No,No,No,Yes,Low,Low,Low,Average,Average,Average,Low,Average,Average,"Distance of HF, transportation costs very high (boat), potential damage to bridge, lack of safe water for drinking and sanitation.",Water tank + water source sharing with Talaulia village,Solar + generator + new power backup but dependent on availability fo fuel,"Outdoor activities, lack of shade, lack of indoor cooling facility","Onside burning for both general and infectious wastes, needles and sharps sent to Vunisea hospital.",High,"King tide and during TCs, water reaches the solar stand and damaged the fence around the solar panels. ""Quite terrifying."" Farming and fishing communities only.",Fiji
Ravitaki Nursing Station,,-19.13,178.13,Kadavu,High Vulnerability,3.00,AC3,8,Yes,Yes,No,Yes,Yes,Yes,No,Yes,Yes,Yes,No,No,Yes,Yes,Low,Average,Low,Average,Average,Average,Average,Average,Average,"Transportation costs, improper roads/bridges (not gravelled or concrete but soil), lack of safe water for drinking and sanitation",Water tank + clinic was out of water when visited/source from dam,Solar energy,"Outdoor activities, lack of shade, lack of indoor cooling facility","Bury and burn them for general waste, sharps and needles to Vunisea Hospital.",High,"No power source but sunken solar lights, no back up power supply.",Fiji
Lomaloma Subdivisional Hospital,,-18.99,181.05,Lomaloma,High Vulnerability,3.00,AC3,50,Yes,Yes,Yes,No,Yes,No,Yes,No,Yes,Yes,Yes,Yes,Yes,Yes,High,Average,Average,Average,Average,Average,Average,Average,Average,Distance to HCF,WAF Supply,HCF Generator only + backup power - solar energy,"Outdoor activities, lack of shade, lack of indoor cooling facility","General waste burned in Lopta Farm road, sharps and needles have special concrete disposal capsule.",High,"School dropouts 6-19, education and livlehood 20-29, health accessibility for elderly, elderly negligence, DV and elderly community, mostly farming and fishing communities, suki smoking, teenage pregnancies, alcohol consumption, GBV cases, social welfare for the elderly, lack of safe water for drinking and sanitation, high LF cases because of Aedes Rotumae Mosquitoe species, Courage farming and kava plantation.",Fiji
Lomaloma Health Center,,-17.30,181.01,Lomaloma,High Vulnerability,3.00,AC3,50,Yes,Yes,Yes,Yes,Yes,Yes,Yes,No,Yes,Yes,Yes,Yes,Yes,Yes,Low,Low,Low,Low,Low,Low,Low,Low,Low,Distance of HCF to shoreline,Water tank -- WAF Supply,Solar + generator + backup generator,"Lack of shade, lack of indoor cooling facility (but quite windy)","Sharps and needles to CWM hospital, general waste burnt onside",N/A,"Generator + EEL, need renovations to be done or relocation to higher grounds, proposed new site of hospital in Mualevu district, solar only powers vaccine fridge, newest building in the hospital wing at Lomaloma hospital.",Fiji
Cicia Health Centre,,-17.72,180.68,Lomaloma,High Vulnerability,3.00,AC3,N/A,Yes,Yes,No,No,No,Yes,Yes,Yes,No,Yes,No,Yes,No,Yes,Low,Average,Low,Average,Average,Average,Average,Average,Average,"Distance of HCF, accessing HCF on foot or via vehicles through sandy roads.",Water tank - rainwater for drinking,"Full-time generator, back-up solar lights","Lack of shade, lack of indoor cooling facility","Sharps and needles to CWM hospital, general waste burnt onsite",High,"Rainwater in water tanks for drinking purpose. Generator + solar as backup, last maintenance was in 1995, solar fridge only. However, generator is the main source of power in Cica HCF. Leptos in Lomaji Village. Last cast of typhoid was 2019. ARI cases for 0-5yrs olds on the rise because of change in weather conditions. Less than 100m distance to shoreline. Total dependence on rainwater for drinking. MVA case in Mabula Village during a rainy day where a 10 wheeler trick slipped and caused serious injuries.",Fiji
Tuvuca Nursing Station,,-17.69,181.18,Lomaloma,High Vulnerability,3.00,AC3,N/A,Yes,Yes,No,No,Yes,Yes,No,No,No,Yes,No,Yes,Yes,Yes,Low,Average,Low,Average,Average,Average,Average,Average,Average,"Distance of HCF, accessing HCF on foot via footpath through the village or by the beach","Water tank - spring source to water tanks as resevoir, same as Tuvuca village. Rainwater for drinking purpose.","Solar energy, no backup power","Lack of shade, lack of indoor cooling","Sharps and needles to CWM hospital, general waste burnt onsite",High,"Generator + solar, backup generator available (Ford) but awaits fuel supply. Water supply from the spring for washing and bathing. Rainwater for drinking and cooking. NS have 3 water tanks for both clinic and QRTS but the issue is with the water supply. TC Meli affected the NS and not in 2016 by TC Winston. Water surge during the Tongan volcano damaged the water spring but repaired.",Fiji
Mualevu Nursing Station,,-17.24,181.06,Lomaloma,Low - Medium Vulnerability,1.00,AC2,N/A,No,No,Yes,No,Yes,No,No,No,No,No,No,No,No,No,Average,Average,Average,Average,Average,Average,Average,Average,Average,"Distance is very costly to many communities (better to take $2.50/head Mavana to Lomaloma where they can do everything, shopping and medical check) rather than stopping over at Mualevu Nursing Station. No proper roads.",WAF supply + rainwater for drinking + WAF water for bathroom and washing,Generator + solar power for Vax fridge only + No light and no power source in the NS + generator for qrts and no connections to the clinic,"Outdoor activities, lack of shade, lack of indoor cooling facility","Improvement needed, general waste burnt, cast-iron incinerator not working",N/A,"Excessive kava consumption and suki smoking, same as Lomaloma...remittance dependence, lack of safe water for drinking and cooking and hygiene practices.",Fiji
Ogea Nursing Station,,-19.16,181.59,Lakeba,High Vulnerability,3.00,AC2,N/A,Yes,Yes,No,Yes,Yes,Yes,No,Yes,No,Yes,Yes,No,Yes,Yes,Low,Low,Low,Low,Low,Low,Low,Low,Low,"Getting across to the HCF during high tide and king tides, accessing the HCF via flooded ",Water tank - rainwater for drinking,Full-time generator + back up solar,"Lack of shade, lack of indoor cooling","Sharps and needles to CWM hospital, general waste burnt onsite",High,"Flooded all aroudn the HCF, lack of safe water for drinking and cooking and hygiene practices, mosquitoes and rodents. No incinerator. Fallen cieling in the clinic side. Much needed refurbishments and maintenance. Refer to photos for the devestating effects of sea level rise and coastal erosion around the HCF. The msot impacted HCF in the subdivision.",Fiji
Lakeba Subdivisional Hospital,,-18.24,181.19,Lakeba,High Vulnerability,3.00,AC2,N/A,Yes,Yes,Yes,Yes,Yes,Yes,No,No,Yes,Yes,No,Yes,Yes,Yes,Low,Average,Average,Average,Average,Average,Average,Average,Average,"Distance of HCF from other villages within Lakeba for emergencies and also from outer islands, no proper roads to Hospital","WAF - water supply, back up rainwater tanks","Full-time generator, back up solar lights","Lack of shade, lack of indoor cooling facility","Sharp needles to CWM hospital, general waste burnt onsite.",High,Water supply is highly abundance and not an issue at all. But qrts has rusty roof from seawater mists. C COASTAL erosion for qrts is obvious. Dental qrts and dietitian qrts beside the sea has eroded badly.,Fiji
Lakeba Health Centre - Lau,,-18.24,181.22,Lakeba,High Vulnerability,3.00,AC2,N/A,Yes,Yes,Yes,Yes,Yes,No,No,No,Yes,Yes,No,Yes,Yes,Yes,Low,Average,Average,Average,Average,Average,Average,Average,Average,"Distance of HCF from other villages within Lakeba for emergencies and also from outer islands. No proper roads to Hospital. Lack of safe drinking water, cooking, high disease vector population.",WAF - water supply. Back up rainwater tanks,Full-time generator + back-up solar lights,Lack of shade + lack of indoor cooling facility,Sharps and needles to CWM hospital. General waste burnt onsite,High,Water supply is highly abundance and not an issue at all. But qrts has rusty roof from seawater mists. C COASTAL erosion for qrts is obvious. Dental qrts and dietitian qrts beside the sea has eroded badly.,Fiji
Oneata Nursing Station - Lau,,-18.45,181.51,Lakeba,High Vulnerability,3.00,AC2,18.3,Yes,No,No,No,Yes,No,Yes,No,Yes,Yes,Yes,No,No,Yes,Average,Low,Low,Average,Average,Average,Average,Average,Average,"Distance to some patients, improper road access to NS, high mosquito and rodent population, lack of safe water for drinking and sanitation.",Borebole water source,"Generator + solar ""New Ford Generator as backup but no fuel supply""","Outdoor activities, lack of shade, lack of indoor cooling facility","Need a lot of improvement, sharps and needles to Suva, general waste burn and bury",High,"Rusty window frames of the qrts and NS facility, fencing application lodged in 2017 for the NS - BUT no feedback or response yet, holes on the roof, need general works and repairs to avoid further damages",Fiji
Nayau Nursing Station,,-17.98,180.97,Lakeba,High Vulnerability,3.00,AC2,10,Yes,Yes,No,No,Yes,Yes,No,No,No,Yes,Yes,No,Yes,Yes,Low,Average,Average,Average,Average,Average,Average,Average,Average,"Lack of proper roads, lack of safe water for drinking and sanitation, high mosquito and rodent population",Water tank - rainwater. Water source - spring water,Generator + solar,"Outdoor activities, lack of shade, lack of indoor cooling facility","Need improvement, burn and bury for general waste",High,"Common issues with other islands in upper Southern Lau, NCD prevalence in the upper Souther Lau, 70% tapas making and weaving, cieling of the nursing station - fell off and needing repairs asap, refer to photos for evidence, NCD high prevalence especially diabetes, in upper Southern Lau",Fiji
Fulaga Nursing Station,,-19.15,181.42,Lakeba,High Vulnerability,3.00,AC2,50,Yes,Yes,No,No,Yes,Yes,No,No,No,Yes,Yes,No,Yes,Yes,Low,Average,Low,Average,Average,Average,Average,Average,Average,"Distance of HCF, no proper roads, lack of safe water for drinking and sanitation, high mosquito and rodents",Water tank - rainwater. Rainwater for drinking. Water from springs/well for bathing and washing,Generator + solar,"Outdoor activities, lack of shade, lack of indoor cooling facility","Need improvements, no incinerator, general waste buried and burnt onsite",High,"General maintenance works needed, 80% carving and weaving, fishing",Fiji
Moala Health Centre,,-18.58,179.90,Lakeba,High Vulnerability,3.00,AC2,10,Yes,Yes,No,Yes,Yes,No,No,No,No,No,No,No,No,Yes,Low,Average,Low,Low,Low,Average,Average,Average,Average,"Water supply is ok but only at times, then there's a need for water supply. Lack of proper roads. Distance of HCF 80%/ High mosquito and rodent population.","Water supply. only the Naroi HC has WAF supplied water, only 1 water tank as reserve for HCF",HCF Generator only + backup power - solar energy,"Outdoor activities, lack of shade, lack of indoor cooling facility","Needs improvement, general waste and infectious waste is burnt and buried, sharps and needles to Suva",High,"3 Leptos and 10 Dengue in 2021, fish poisoning - cigutera, fungal infection high",Fiji
Kabara Health Centre,,-18.92,181.05,Lakeba,High Vulnerability,3.00,AC2,10,No,No,No,No,Yes,Yes,No,Yes,Yes,Yes,No,No,Yes,Yes,Low,Low,Low,Average,Average,Average,Average,Average,Average,"Boat travel required to reach HC from the outer islands. Quite expensive to travel and hire boats to HC. 80%, lack of safe water for drinking and sanitation practices",Water tank - rainwater for drinking,Generator + solar,"Outdoor activities, lack of shade, lack of indoor cooling facility","Need improvement, general waste burnt onsite, needles and sharps to Suva",High,Fish piosoning - cigutera poisoning cases were also picked up. 6/12 tanks are written off. Would need 5-6 more replacement tanks.,Fiji
Komo Nursing Station,,-18.68,181.38,Lakeba,High Vulnerability,3.00,AC2,20,No,No,No,No,Yes,No,No,Yes,No,No,No,No,No,No,Low,Average,Average,Average,Average,Average,Average,Average,Average,"Access has no proper road, 80% lack of safe water for drinking and sanitation practices",Water tank,Generator + solar,"Outdoor activities, lack of shade, lack of indoor cooling facility","General waste burnt onsite, sharps and needles Suva",High,"HCF was painted and some minor repairs done, Nil LID cases, 100% fishing and oil making",Fiji
Namuka Nursing Station,,-18.85,181.37,Lakeba,High Vulnerability,3.00,AC2,10,Yes,Yes,No,No,No,Yes,No,Yes,No,No,No,No,No,Yes,Low,Average,Average,Average,Average,Average,Average,Average,Average,"Accessibility via proper roads, 60-70%, lack of safe water for drinking and sanitation","Rainwater for drinking, water tank",Generator + solar,"Outdoor activities, lack of shade, lack of indoor cooling facility","General waste burnt onsite, sharps and needles to Suva, no incinerator",High,"Accessibility via proper roads, 60-70%, lack of safe water for drinking and sanitation practices",Fiji
Moce Nursing Station,,-18.67,181.50,Lakeba,High Vulnerability,3.00,AC2,6.096,Yes,Yes,No,No,Yes,Yes,No,Yes,Yes,Yes,Yes,No,Yes,Yes,Low,Average,Low,Average,Average,Average,Average,Average,Average,Lack of safe water for drinking and sanitation,Borehole + water tank + last rainfall in April + have 5 water tanks,Generator + solar + backup generator Ford...but no fuel,"Outdoor activities, lack of shade, lack of indoor cooling facility","Need improvement, sharps and needles to Suva, no incinator, general waste burnt onsite",High,Last renovations 2020,Fiji
Vatoa Nursing Station,,-19.82,181.75,Lakeba,High Vulnerability,3.00,AC2,10,Yes,Yes,No,No,Yes,Yes,No,Yes,No,No,No,No,Yes,Yes,Low,Average,Average,Average,Average,Average,Average,Average,Average,"Lack of safe water for drinking and sanitation, lack of proper roads",Water tank,Generator + solar,"Outdoor activities, lack of shade, lack of indoor cooling facility","General waste burnt onsite, no incinerator, sharps and needles to Suva",High,"High dependence on subsistence fishing and coconut selling, last repairs in 2019",Fiji
Totoya Nursing Station,,-18.95,180.18,Lakeba,High Vulnerability,3.00,AC2,2,Yes,Yes,No,No,Yes,Yes,No,Yes,No,Yes,Yes,No,Yes,Yes,Low,Average,Average,Average,Average,Average,Average,Average,Average,"Distance of NS to other villages, 60%, lack of safe water for drinking and sanitation",Water tank,Generator + solar,"Outdoor activities, lack of shade, lack of indoor cooling facility","General waste burnt onsite, no incinerator, sharps and needles to Suva",High,"Common as other islands, high dependence on fishing, farming, weaving. Maintenance and minor works needed in this facility",Fiji
Matuku Health Centre,,-19.14,179.74,Lakeba,Medium to High Vulnerability,2.00,AC3,300,Yes,No,No,No,Yes,Yes,No,Yes,Yes,Yes,No,Yes,Yes,Yes,Average,Average,Average,Average,Average,Low,Average,Average,Average,Lack of safe water for drinking and sanitation,Water tank + main source of water - riverwater and stored in tanks. Only 3 tanks are in operation - they need,"Generator + solar, backup generator, Ford but n fuel","Outdoor activities, lack of shade, lack of indoor cooling facility","Need improvement, sharp and needles to Suva, no incinerator, general waste burnt onsite",High,"Excessive kava drinking, suki smoking for adolescents, alcohol/homebrew consumption on the increase, very common and behind their parents control, ladies weave mats for living, pfarmers-crops, and now copra, 2 partial eye impairment, 2 stroke cases, village has a spring but not for drinking as it is contaminated from animals that are tied around the spring. Pssibly high E. Coliforms.",Fiji
Ono-i-Lau Health Centre,,-20.66,181.28,Lakeba,Medium to High Vulnerability,2.00,AC3,N/A,Yes,Yes,No,No,No,No,No,Yes,No,No,No,Yes,Yes,Yes,Low,Average,Average,Average,Average,Average,Average,Average,Average,"Distance from communities and villages to reach the HCF, might address issue of waiting space at the HCF","Water tank, few cases of diarrhea, water shortages in the island so arrangements had been for water carting into the island",Generator + solar,"Outdoor activities, lack of shade, lack of indoor cooling facility","Improvement needed, lacking water supply. Sharps and needles to Suva for disposal. At times it is buried in the compound.",N/A,"Mostly excessive Kava drinking amongst the community members, tobacco or suki smoking, 80% fishermen/copra farmers, 20% teachers and health workers, 80% in school tertiary in Suva (FNU, USP, or UOF)",Fiji
Vanuavatu Nursing Station,,-18.36,180.72,Lakeba,Medium to High Vulnerability,2.00,AC3,10,Yes,Yes,No,No,Yes,Yes,No,No,No,No,No,No,Yes,No,High,Low,Average,Average,Average,Low,Average,Average,Average,"Lack of safe water for drinking and sanitation, lack of proper road, lack of distance of HCF","Water tank, water in tanks from rainwater",Generator + solar,"Outdoor activities, lack of shade, lack of indoor cooling facility","Need improvement, no incinerator, sharps and needles to Suva, no incinerator, general waste burnt onsite",High,"Excessive kava drinking, suki smoking for adolescents, alcohol/homebrew consumption on the increase, very common and behind their parents control, ladies weave mats for living, kava farming, magimagi, and crafts. Farmers-crops and kava, and now copra. 80% fishing, weaving 80%.",Fiji
Nayau Nursing Station,,-17.98,180.97,Lakeba,Medium to High Vulnerability,2.00,AC3,10,Yes,Yes,No,No,Yes,Yes,No,No,No,Yes,Yes,No,No,Yes,Low,Average,Average,Average,Average,Average,Average,Average,Average,"Lack of proper roads, lack of safe water for drinking and sanitation, high mosquito and rodent population","Water tank, rainwater, water source - spring water",Generator + solar,"Outdoor activities, lack of shade, lack of indoor cooling facility","Need improvement, burn and bury for general waste",High,"Common issues with other islands in upper Southern Lau, NCD prevalence in the upper Southern Lau, 70% Tapas making and weaving, cieling of the nursing station fell off and needs repairs asap. Refer to photos. NCD high prevalence especially diabetes in the upper Southern Lau",Fiji
Levuka i Daku Nursing Station- Matuku Is,,-19.19,179.76,Lakeba,Medium to High Vulnerability,2.00,AC3,N/A,Yes,No,No,No,Yes,Yes,Yes,Yes,No,Yes,No,No,Yes,Yes,Low,Low,Low,Low,Low,Low,Low,Low,Low,"The damaged nursing station/facility, where the villages of zone 2 will pay more and walk further to the ehalth centre. No proper roads etc. Lack of proper road. Lack of distance of HCF.","Water tank, water in tanks from rainwater",Generator + solar,"Outdoor activities, lack of shade, lack of indoor cooling facility",Need improvement -- no incinerator. Sharps and needles to Suva. No incinerator. General waste burnt onsite.,High,"Excessive kava drinking, suki smoking for adolescents, vax defaulters for 0-5, SOPD defaulters, farmers-crops and Kava; and now copra. 80% fishing, weaving. 80% subsistence farming and fishing.",Fiji
Nasoki Nursing Station- Moala Lau,,-18.63,179.90,Lakeba,Medium to High Vulnerability,2.00,AC3,300,Yes,Yes,No,No,Yes,Yes,No,Yes,No,Yes,No,No,Yes,Yes,Average,Average,Average,Average,Average,Average,Average,Average,Average,"Lack and distance of HCF, lack of proper roads",Water tank + water in tanks from rainwater +  2 water tanks are empty at time of assessment,Generator + solar,"Outdoor activities, lack of shade, lack of indoor cooling facility","Need improvement, no incinerator, general waste burning and bury on-site",High,"Excessive suki smoking and kava drinking for 16+ year olds, 100% kava farming and fishing, 80% in school, 20% high school dropouts, registered at the nursing station and visited during dom visits",Fiji
"Cakova Nursing Station - Maola, Lau",,-18.63,179.87,Lakeba,Medium to High Vulnerability,2.00,AC3,N/A,No,No,No,No,Yes,Yes,No,No,Yes,Yes,No,No,Yes,No,Average,Average,Average,Average,Average,Average,Average,Average,Average,"Lack of safe water for drinking and sanitation, high disease vector, dstance of HCF, improper road to HCF",Water tank,Generator + solar,"Outdoor activities, lack of shade, lack of indoor cooling facility","Need improvement, no incinerator, general waste burning and bury on-site",High,"90% farming and fishing, 70% in school, same as faced by any village in the upper Southern Lau",Fiji
"Udu Nursing Station - Kabara Is, Lau",,-18.99,181.05,Lakeba,High Vulnerability,3.00,AC3,10,Yes,Yes,No,No,No,Yes,No,Yes,No,No,No,No,Yes,Yes,Low,Average,Low,Average,Average,Average,Average,Average,Average,"Lack of proper roads, distance of HCF","Water tank, lack of safe water for drinking and sanitation",Generator + solar,"Outdoor activities, lack of shade, lack of indoor cooling facility","Need improvement, general waste burnt onsite, needles and sharps back to Suva",High,"Home brew consumption from 15 year olds and up, suki smoking - very common, 100% fishing",Fiji
Nabasovi Nursing Station,,-17.29,179.36,Lomaiviti,High Vulnerability,3.00,AC2,70,No,Yes,Yes,No,Yes,No,No,No,No,No,No,No,No,No,Low,Average,Average,Low,Average,Low,Average,Average,Average,"Lack and distance of HCF - costly transportation, lack of proper roads, potential damage to roads/bridges/buildings, leakage inside the NS during rainfall, heavy rainfall affects the bridges and access to the NS",Lacks water - people accessing dirty water. Untreated water access,"Solar energy, generator (damaged)","Outdoor activities, lack of shade, lack of indoor cooling facility","Sharps and needles buried onsite, septic tank system, general waste burnt onsite",N/A,"0-5 default vaccination, excessive Kava drinking for 18+, mostly farmers as a source of employment, lack of safe water for drinking and cooking and hygiene practices",Fiji
Narocake Nursing,,-18.11,179.36,Lomaiviti,High Vulnerability,3.00,AC2,1000,No,No,No,No,No,No,No,No,Yes,No,No,No,Yes,No,High,High,High,Low,Low,Low,Low,Low,Low,"Lack and distance of HCF - costly transportation, lack of proper roads, potential damage to roads/bridges/buildings",Water tank BUT lacks water - people accessing dirty water. Untreated water access,Solar energy,"Outdoor activities, lack of shade, lack of indoor cooling facility","Sharps and needles buried onsite, septic tank system, general waste burnt onsite",High,"5-14 case of sexual assault, STIs, 30-39 existed case of HIV, excessive Kava drinking and smoking, alcohol consumption, 2% employed, 90% kava and dalo farmers, 70 % in school, 2 blind amputees, 1 completely blind disabled-stroke, 4 mentally challenged, mostly farmers as a source of employment",Fiji
Moturiki Nursing Station,,-17.76,178.76,Lomaiviti,High Vulnerability,3.00,AC2,50,Yes,No,No,No,Yes,Yes,No,No,No,No,Yes,No,Yes,Yes,Low,Average,Average,Average,Average,Average,Average,Average,Average,"Lack and distance of HCF - costly transportation, lack of proper roads, potential damage to roads/bridges/buildings",WAF + water tank,Generator + solar,"Outdoor activities, lack of shade, lack of indoor cooling facility","Sharps and needles buried onsite, septic tank system, general waste burnt onsite",High,"Hot spot for typhoid, LTD - youngest wsa 5 years old, excessive kava drinking and smoking, 15-19 teenage pregnancies, alcohol consumption, 2% employed, 90% kava and dalo farmers, 70% in school, 1 completely disabled, 40% farmers/fisherman as source of employment, 60% work at PAFCO - Levuka",Fiji
Nacavanadi Nursing Station,,-17.99,179.33,Lomaiviti,High Vulnerability,3.00,AC2,N/A,Yes,No,No,No,Yes,Yes,No,Yes,Yes,Yes,Yes,No,No,No,High,High,High,High,High,High,High,Average,Average,Lack and distance of HCF - costly transportation from other villages to reach the NS,Water tank + rain water tank,Solar energy,"Outdoor activities, lack of shade, lack of indoor cooling facility","Sharps and needles to Levuka Hospital, burn and bury general waste",High,"Smoking, excessive kava drinking, 90% - water supply is an issue, lack of safe water for drinking and sanitation and hygiene practices. More than 70% are fishermen and farmers",Fiji
Bureta Health Centre,,-17.71,178.76,Lomaiviti,High Vulnerability,3.00,AC2,N/A,No,No,No,No,Yes,Yes,Yes,Yes,No,Yes,Yes,No,No,Yes,Average,Low,Low,Average,Average,Average,Average,Average,Average,"Lack and distance of HCF - costly transportation, lack of proper roads, potential damage to roads/bridges/buildings","Borehole + rain water tank, water source shared with village","EEL main only, no backup power source","Outdoor activities, lack of shade, lack of indoor cooling facility","Sharps and needles to Levuka Hospital, burn and bury general waste",High,"Teenage pregnancies, 90% water supply is an issue, lack of safe water for drinking and sanitation, 70% employment PAFCO, 30% civil service",Fiji
Batiki Nursing Station,,-17.78,179.15,Lomaiviti,High Vulnerability,3.00,AC2,N/A,Yes,No,No,Yes,Yes,Yes,No,No,No,No,No,Yes,Yes,Yes,Low,Low,Low,Low,Low,Average,Average,Average,Average,"Lack and distance of HCF, costly transportation",,Generator + solar,"Outdoor activities, lack of shade, lack of indoor cooling facility","No incinerator onsite, sharps and needles to Levuka Hosptial, burn and bury general waste, septic tank system",High,N/A,Fiji
Nairai Nursing Station,,-17.82,179.44,Lomaiviti,High Vulnerability,3.00,AC2,N/A,Yes,Yes,No,Yes,Yes,No,No,Yes,No,Yes,No,Yes,No,Yes,High,Low,Average,Average,Average,Average,Average,Average,Average,"Lack and distance of HCF, costly transportation, lack of proper roads, potential damage to buildings/roads/bridges",Lacks water - people accessing dirty water. Untreated water access,Generator + solar,"Outdoor activities, lack of shade, lack of indoor cooling facility","No incinerator onsite, sharps and needles to Levuka Hosptial, burn and bury general waste, septic tank system",High,"General maintenance and repairs for NS, to avoid further damages",Fiji
Nacamaki Nursing Station - Koro Island,,-17.25,179.43,Lomaiviti,Medium to High Vulnerability,2.00,AC3,500,No,No,No,No,No,No,No,No,No,Yes,Yes,Yes,Yes,Yes,High,Low,Average,Average,Average,Average,Average,Average,Average,"Lack and distance of HCF - costly transportation, lack of proper roads, potential damage to roads/bridges/buildings",Water tank BUT lacks water. People accessing dirty water. Untreated water,Solar energy,"Outdoor activities, lack of shade, lack of indoor cooling","Sharps and needles buried onsite, septic tank system, general waste burnt onsite",N/A,"15-19 teenage pregnancies, STIs, excessive Kava drinking and smoking, alcohol consumption, 98% unemployed but dalo and kava farmers, 80% in school, 2 blind amputees, 2 mentally challenged - drug induced, lack of safe water for drinking and cooking and hygiene practices.",Fiji
Nasau Health Centre - Nasau Koro Island,,-17.31,179.44,Lomaiviti,Medium to High Vulnerability,2.00,AC3,1000,Yes,Yes,No,No,Yes,Yes,No,No,Yes,Yes,Yes,No,Yes,Yes,High,Low,High,High,High,High,Average,Average,High,"Lack and distance of HCF, costly transportation, lack of proper roads, potential damage to roads/bridges/bldgs","Water tank BUT lacks water - people accessing dirty water, untreated water access",Solar energy + generator backup,"Outdoor activities, lack of shade, lack of indoor cooling facility","Sharps and needles buried onsite, septic tank system, general waste burnt onsite",,"STIs, excessive Kava drinking and smoking, alcohol consumption 2% employed, 90% kava and dalo farmers, 70% in school, 2 blind amputees, 1 completely disabled - stroke, 4 mentally challenged, mostly farmers as a source of employment",Fiji
Levuka Health Centre,,-17.68,178.83,Lomaiviti,Medium to High Vulnerability,2.00,AC3,N/A,No,No,No,Yes,Yes,No,Yes,No,Yes,Yes,No,Yes,Yes,Yes,High,Low,Low,Low,Average,Average,Average,Average,Average,"Lack and distance of HCF - costly transportation from other villages in the island to reach the NS, lack fo proper roads",WAF + water tank,EEL + solar,"Outdoor activities, lack of shade, lack of indoor cooling facility","Sharps and needles sent to Levuka Hospital, burn and bury general waste, septic tank system",High,"Teenage pregnancies, SAM/MAM death in 2019, sex assault cases, alcohol consumption, 90% Kava and dalo farmers, employment 70% PAFCO, 30% civil service",Fiji
Levuka Subdivisional Hospital,,-17.68,178.83,Lomaiviti,Medium to High Vulnerability,2.00,AC3,30,Yes,Yes,No,No,Yes,Yes,Yes,Yes,Yes,No,Yes,Yes,Yes,Yes,Low,Average,Average,Average,Average,Average,Average,Average,Average,"Lack and distance of HCF, costly transportation, lack of proper roads, potential damage to buildings/roads/bridges, leakage inside the NS during rainfall, heavy rainfall affects the bridges and access to the NS",WAF Supply + rain water tank,EEL main + generator back up,"Outdoor activities, lack of shade, lack of indoor cooling facility","Sharps and needles sent to Levuka Hospital, burn and bury general waste, septic tank system",High,"Teenage pregnancies, SAM/MAM, sex assault cases, 90% water supply is an issue, lack of safe water for drinking and sanitation, employment 70% PAFCO, 30% civil service",Fiji
Nawaikama Nursing Station - Gau Island,,-18.02,179.27,Lomaiviti,Medium to High Vulnerability,2.00,AC3,N/A,No,No,No,No,Yes,No,Yes,No,No,No,No,Yes,Yes,No,Average,Average,Average,Average,Average,Average,Average,Average,Average,"Lack and distance of HCF, costly transportation",Water tank + rain water tank,Generator + solar,"Outdoor activities, lack of shade, lack of indoor cooling facility","Sharps and needles to Levuka Hospital, burn and bury general waste, septic tank system",High,"Smoking, excessive kava drinking, 90% water supply is an issue, lack of safe water for drinking and cooking and hygiene practices, 100% farmers",Fiji
Qarani Health Centre - Gau Island,,-17.95,179.27,Lomaiviti,Medium to High Vulnerability,2.00,AC3,N/A,Yes,Yes,No,Yes,Yes,Yes,No,Yes,No,No,No,Yes,No,Yes,Low,Low,Low,Average,Average,Average,Average,Average,Average,"Lack and distance of HCF, costly transportation","Water tank + rain water tank. Water source dried up, more back up water tanks needed.",Generator + solar,"Outdoor activities, lack of shadow, lack of indoor cooling facility","Sharps and needles to Levuka Hospital, burn and bury general waste, septic tank system",High,"Smoking, excessive kava drinking, 90% water supply is an issue",Fiji
Rotuma Hospital (RIC bldg.),,-12.50,177.05,Rotuma,Medium to High Vulnerability,2.00,AC3,N/A,No,No,No,No,Yes,No,No,No,No,No,No,Yes,No,No,High,Average,Average,Average,Average,Average,Average,Average,Average,"Lack of proper roads, transportation costs high (no bus services), lack of distance, potential damage to road/bridge, potential damage to building",WAF Supply,HCF Generator only + backup solar,"Outdoor activities, lack of shade, lack of indoor cooling facility","General waste burned in Lopta Farm road, sharps and needles have a special concrete capsule for disposal",High,"School dropouts for children 6-19, education and livlehood for 20-29, health accessibility to HCF for SOPD for elderly 60 +, also subjected to elderly DV and negligence, mostly farming and fishing communities, teenage pregnancies, suki smoking, alcohol consumption, GBV cases, social welfare for the elderly, lack of safe water for drinking and sanitation, Courage farming and Kava plantation.",Fiji
Rotuma Health Centre (RIC bldg.),,-12.50,177.05,Rotuma,Medium to High Vulnerability,2.00,AC3,N/A,No,No,No,No,Yes,No,No,No,No,No,No,Yes,No,No,High,Average,Average,Average,Average,Average,Average,Average,Average,"Lack of proper roads, transportation costs high (no bus services), potential damage to road/bridge, potential damage to building","WAF Supply only at times, then lack of safe water for drinking and sanitation becomes and issue.",HCF Generator - government station: generator power supply + backup solar,"Outdoor activities, lack of shade, lack of indoor cooling facility","General waste burned in Lopta Farm road, sharps and needles have a special concrete capsule for disposal.",High,"School dropouts for children 6-19, education and livlehood for 20-29, health accessibility to HCF for SOPD for elderly 60 +, also subjected to elderly DV and negligence, mostly farming and fishing communities, teenage pregnancies, suki smoking, alcohol consumption, GBV cases, social welfare for the elderly, lack of safe water for drinking and sanitation, Courage farming and Kava plantation.",Fiji
Tawake Nursing Station,,-16.26,179.86,Cakaudrove,High Vulnerability,3.00,AC2,N/A,Yes,Yes,No,No,Yes,No,Yes,No,No,Yes,No,No,Yes,Yes,Average,Average,Average,Average,Average,Average,Average,Average,Average,"No roads, geographically mountainous place, accessing the HCF, by boat for many coastal communities and also downhill by other inland communities. Road is not safe during rainy weather",Water tank supply,Solar,"Lack of shade, lack of indoor cooling facility","General waste burnt onsite, sharps and needles to Labasa hospital, septic tank system (toilet at the station tends to be leaking at times)",High,"Major social constraint is the access to road to access the health facility. The only means of transportation is by boat. With the rise in cost of living and fuel prices, its not easy for the villagers to present themselves to the health facility when there's a need. Most of the time they will wait until the last minute then they make their way to the nursing station as they don't want to make unnecessary trips, until it is direly needed",Fiji
Natewa Health Centre,,-16.59,179.74,Cakaudrove,High Vulnerability,3.00,AC2,N/A,Yes,Yes,No,Yes,Yes,No,Yes,No,No,Yes,No,Yes,No,Yes,Low,Low,Low,Low,Low,Low,Low,Low,Low,Distance of HCF,"Water tank - spring source, same source as the Natewa village",Generator + solar,"Lack of shade, lack of indoor cooling facility","General waste burnt onsite, sharps and needles to Savusavu hospital",N/A,N/A,Fiji
Saqani Health Centre,,-16.41,179.76,Cakaudrove,High Vulnerability,3.00,AC2,100,Yes,Yes,No,No,Yes,Yes,No,No,No,Yes,No,Yes,Yes,Yes,Low,Low,Low,Low,Low,Low,Low,Low,Low,"Distance of HCF, accessing HCF, by boat for many coastal communities and also downhill by other inland communities. Road is not quite safe during rainy weather","Water tank - dam source to concrete water tank as resevoir, same source as Vuniwai village",Solar energy,"Lack of shade, lack of indoor cooling facility","General waste burnt onsite, sharps and needles to Savusavu hospital",High,N/A,Fiji
Tukavesi Health Centre,,-16.64,179.84,Cakaudrove,High Vulnerability,3.00,AC2,N/A,Yes,Yes,No,Yes,Yes,Yes,Yes,Yes,No,Yes,No,Yes,Yes,Yes,Low,Low,Low,Low,Low,Low,Low,Low,Low,Distance of HCF,Water tank,Solar energy supplied by village,"Lack of shade, lack of indoor cooling facility","General waste burnt onsite, sharps and needles to Savusavu hospital",High,"Vax defaulters for 0-6 years, teenage pregnancies, dropouts, reproductive age group inaccessible to FP services due to dinancial constraints and also ANC cases",Fiji
Savusavu Hospital,,-16.77,179.35,Cakaudrove,Medium to High Vulnerability,2.00,AC3,N/A,No,No,No,No,Yes,No,No,No,Yes,No,No,No,No,No,Low,Low,Low,Low,Low,Low,Low,Low,Low,"Distance of HCF, costly transportation 60%, lack of safe water for drinking and cooking and hygiene practices",Water tank,Generator + solar,"Outside activities, lack of shade, lack of indoor cooling facility","Need improvement, sharps and needles to Suva, respiratory illness including allergens",Present,"High rainfall can cause landslide, similar issues addressed at the Health Centre, mostly farmers (coconuts and kava) and fishermen, 100% in school, PLWD registered for dowms visits",Fiji
Savusavu Health Centre,,-16.77,179.35,Cakaudrove,Medium to High Vulnerability,2.00,AC3,N/A,No,No,No,No,Yes,Yes,No,Yes,No,No,No,Yes,No,No,Low,Low,Low,Average,Average,Average,Average,Average,Average,The building needs to be relocated due to landslide. The patients and staffs,WAF supply,"EEL main only, no backup power source",Lack of indoor cooling facility,"Color coding, well managed",Present,This building has been affected by a landslide a few years back which has resulted in the building being shifted. Water borne diseases/vector borne disease -- below 25%. 0-5 yrs more than 25% - vax defaulters.,Fiji
Rabi HC,,-16.48,180.00,Cakaudrove,Medium to High Vulnerability,2.00,AC3,N/A,Yes,Yes,No,Yes,Yes,No,No,No,No,No,No,No,Yes,No,Average,Average,Average,Average,Average,Average,Average,Average,Average,"Distance/lack of HCF, lack of proper roads, potential damage to roads/bridges/bldgs.",Water tank,Generator + solar,"Lack of shade, lack of indoor cooling facility","Need improvement, sharps and needles to Savusavu, onsite burning for general waste and other waste, respiratory illness including allergens if exposed",High,"5-10 % civil servants, 90% farmers and ",Fiji
Kioa NS – Kioa Island,,-16.67,179.90,Cakaudrove,Medium to High Vulnerability,2.00,AC3,N/A,Yes,Yes,No,Yes,Yes,Yes,No,Yes,No,Yes,Yes,Yes,Yes,Yes,Average,Average,Average,Average,Average,Average,Average,Average,Average,"No proper roads to HCF, access through a wooden bridge, 100% accessing the HCF","Water tank, rainwater as water supply",Generator + solar,"Outdoor activities, lack of shade, lack of indoor cooling facility","Need improvement, needles and sharps shipped to savusavu hospital, general waste onsite burning, respiratory illness including allergens",Present,"Mostly farmers and fishermen. 100% in primary and secondary school in Savusavu, Labasa. PLWD is recorded in the NS. Lack of safe water for drinking and sanitation",Fiji
Korotasere HC,,-16.57,179.56,Cakaudrove,Medium to High Vulnerability,2.00,AC3,N/A,No,No,No,Yes,Yes,Yes,Yes,No,No,No,No,No,Yes,No,High,Average,High,Average,Average,Average,Average,Average,Average,"Distance of HCF, lack of proper roads, transportation costs",Water tank,Generator + solar. Generator as back up and functioning well,"Outdoor activities, lack of shade, lack of indoor cooling facility","Need improvement, general waste burnt onsite, sharps and needles to Savusavu Hospital, respiratory illness including allergens, injuries, all those that access the facility",,,Fiji
Nakorovatu HC,,-16.75,179.14,Cakaudrove,Medium to High Vulnerability,2.00,AC3,N/A,No,No,No,Yes,Yes,Yes,Yes,Yes,No,No,No,Yes,Yes,No,Average,Average,Average,Average,Average,Average,Average,Average,Average,"Distance of HCF, lack of proper road, potential damage to road/bridge, transport cost too high, lack of safe water for drinking and sanitation",Water tank + water tanks are ready onsite to be installed as reserve tanks. Accessing rainwater and water from dam. Untreated,Generator + solar,"Outdoor activities, lack of shade, lack of indoor cooling facility","Satisfactory but could be better, sharps and needles to Savusavu, general wastes onsite burning, respiratory illness including allergens, injuries, thost that reside in compound and accessing the clinic",Mosquitoes present,"6-14 child negligence, 15-19 teenage pregnancies, accessing clinics at a later stage of illness",Fiji
Naweni NS,,-16.79,179.58,Cakaudrove,Medium to High Vulnerability,2.00,AC3,N/A,No,No,No,No,No,No,Yes,Yes,No,No,No,Yes,No,No,Average,Average,Average,Average,Average,Average,Average,Average,Average,"Similar to Bagasau NS catchment area - Farming communities, accessibility to HCF, lack of space for storage, needing space badly, drugs are boxed up and awaiting storage space",Water tank + reserve water tanks for NS - only 2 tanks,"Solar energy + No light for the past week, need it fixed by MOHMS","Outdoor activities, lack of shade, lack of indoor cooling facility","General waste burnt onsite, sharps and needles to Savusavu, both lack of safe water but now rectified for staffs that are living in the compoud",High population,"3 mental cases, disability 18",Fiji
Navakaka NS,,-16.72,179.47,Cakaudrove,Medium to High Vulnerability,2.00,AC3,N/A,No,No,No,Yes,Yes,Yes,Yes,No,No,No,No,No,Yes,No,High,Average,Average,Average,High,Average,High,Average,Average,"Lack and distance of HCF, lack of proper roads, transportation costs, lack of safe water for drinking and cooking etc, sign board flown away by TC Yasa and hasn't been restored yet. NQ roofing leakage and also roofign",Water tank + spring water source in the water tank for NS. Only 2 water tanks,Solar energy + no backup generator,"Outdoor activities, lack of shade, lack of indoor cooling facility","Need improvement, general waste burnt onsite, sharps and needles to Savusavu Hospital, respiratory illness including allergens, injuries, all those that access the facility",Present,"Vax defaulters, teenage pregnancies, farming communities, 17 partial - physically challenged, 5 bedridden, 12 cases of MR",Fiji
Bagasau NS,,-16.71,179.72,Cakaudrove,Medium to High Vulnerability,2.00,AC3,N/A,No,No,No,Yes,Yes,No,Yes,No,No,No,No,No,Yes,No,High,High,Average,Average,Low,Average,High,Average,Average,"Transportation costs, distance of NS, above 80% are affected, lack of safe water for drinking and cooking",Water tank,Solar energy,"Outdoor activities, lack of shade, lack of indoor cooling","General waste burnt onsite, sharps and needles to Savusavu Hospital, respiratory illness including allergens, injuries, those that access the NS",Present,"Vax defaulters for children, teenage pregnancies, mostly copra and yaqona farmers 70%",Fiji
Nabalebale NS,,-16.66,179.26,Cakaudrove,Medium to High Vulnerability,2.00,AC3,N/A,No,No,No,Yes,Yes,No,Yes,Yes,No,No,No,Yes,Yes,No,High,High,High,Average,Average,High,High,Average,Average,"Lack of distance of HCF, lack of proper roads, potential damage to road and bridge access, lack of safe water for drinking and sanitation",Water tank + spring water source for NS,Solar energy,"Lack of shade, lack of indoor cooling facility","General waste burnt onsite, sharps and needles to Savusavu Hospital, respiratory illness including allergens, injuries, those that access the NS",Present,"Vax defaulters, child abuse case, DV by young couples, teenage pregnancies, copra and yaqona farmers, mental health challenged (18)",Fiji
Waiyevo Hospital,,-16.80,180.00,Taveuni,Medium to High Vulnerability,2.00,AC3,N/A,No,No,No,Yes,Yes,No,Yes,No,Yes,No,No,Yes,No,No,High,Average,Average,High,High,Average,Average,Average,Average,"The facility is up the hill, long walk, but accessible by vehicles and well tar sealed roads",WAF supply,Generator + EEL,"Outdoor activities, lack of shade, lack of indoor cooling facility","Open pit dumping, sharps and needles disposed there. Respiratory illness including allergens, injuries if access to the open pit dumping",Present,"Mostly farming and those that work in the hospital, teachers, shops, and govt stations staff. PLWD are recorded and registered. A bit of improvement needed. Overall, Hospital is neat and tidy but a bit of renovations and touch up around the facility. Guttering to be improved and repaired",Fiji
Waiyevo HC,,-16.80,180.00,Taveuni,Medium to High Vulnerability,2.00,AC3,N/A,No,No,No,Yes,Yes,No,Yes,No,Yes,No,No,Yes,No,No,High,Average,Average,Average,Average,Average,Average,Average,Average,Just a long walk up to the hospital,WAF supply,Generator + EEL,"Outdoor activities, lack of shade, lack of indoor cooling facility","Need improvement, respitatory illness including allergens",Present,"Farming communities 80%, PLWD - registered and recorded",Fiji
Vuna HC,,-16.95,179.91,Taveuni,Medium to High Vulnerability,2.00,AC3,N/A,No,No,No,No,Yes,No,Yes,No,Yes,No,No,Yes,No,No,Average,Average,Average,Average,Average,Average,Average,Average,Average,"Lack  of distance/health facility, lack of proper roads, potential damage to roads/bridges/bldgs","Water tank, water in the tank is rainwater","EEL main only, Generator as back up...working","Outdoor activities, lack of shade, lack of indoor cooling facility","Need improvement, incineratory onsite - but damaged. Need a new one. Respiratory illness including allergens",Present,"Youths - substance abuse, common elderly negligence and children negligence, farming and fishing communities 100%, 6 mental cases, physically disabled are also registered under the clinic, 6 mental cases, Physically disabled are also registered under the clinic, 1.5% approx, 100% Lack of safe water for drinking and cooking and hygiene practices, 80% Renovations needed for the whole bldg, General painting and repairs before any further damages",Fiji
Bouma NS,,-16.82,180.13,Taveuni,Medium to High Vulnerability,2.00,AC3,200,No,Yes,No,No,Yes,Yes,Yes,No,No,Yes,Yes,Yes,No,No,Low,Low,Low,Low,Low,Low,Low,Low,Low,"Lack of proper roads, transportation costs, distance too far (100% are affected)",Water tank + sharing same water supply as the village which comes from dam,Solar energy no backup power supply,"Outdoor activities, lack of shade, lack of indoor cooling facility","Need improvement, onsite burning and bury, respiratory illness including allergens, all those that access the HCF",Present,"0-5 Vax defaulters, 15-19 substance abuse, DV, mental health negligence,  Elderly negligence,  Children negligence, 100% farming, farming away from village because of Natures Reserves. Mostly farming in Lagilevu,15 mental challenged & 5 completely disabled"" (1.5% of pop), Lack of safe water for drinking and cooking and hygiene practices",Fiji
Vuna NS,,-16.97,179.90,Taveuni,Medium to High Vulnerability,2.00,AC3,N/A,No,No,Yes,No,Yes,Yes,No,No,No,No,No,No,Yes,No,High,Average,Low,Average,Average,Average,Average,Average,Average,"Lack of proper roads, distance of HCF, potential damage to road/bridges/bldgs",Water tank + rainwater in the water tanks as supply to the HCF,"Solar energy, no backup power","Outdoor activities, lack of shade, lack of indoor cooling facility","Burn and bury onsite, respiratory illness including allergens, all those that access the facility",Present,"Similar risks and related issues recorded at Vuna Health Centre, Farming mostly-- 70% in school, Yes PLWD are Recorded/registered at the NS, Lack of safe water for drinking and cooking and hygiene practices, Much improvement needed, Need a full renovation and improvement to the facility, Rusty hurricane shutters",Fiji
Yacata NS,,-17.26,180.49,Taveuni,High Vulnerability,3.00,AC2,50,Yes,Yes,No,No,Yes,Yes,No,Yes,No,Yes,Yes,Yes,Yes,Yes,Low,Average,Low,Average,Average,Average,Average,Average,Average,"Lack of proper roads, distance of HCF, potential damage to road/bridges/bldgs",Rainwater in the water tanks - water source. Water supply has been a continuous issue,Solar + no backup power,"Outdoor activities, lack of shade, lack of indoor cooling facility","Sharps and needles shipped to Taveuni Hospital, septic tank system, general waste burnt onsite",N/A,"Excessive Kava drinking for 18+,  mostly farmers as a source of employment, lack of safe water for drinking and sanitation, registered dorm visits, 6 HH sharing toilets",Fiji
Qamea HC,,-16.80,180.25,Taveuni,High Vulnerability,3.00,AC2,N/A,Yes,Yes,No,No,Yes,Yes,Yes,No,Yes,Yes,Yes,Yes,Yes,Yes,Low,Low,Low,Low,Low,Average,Average,Average,Average,"Lack of proper roads, distance of HCF, potential damage to road/bridges/bldgs",Rainwater in the water tanks - water source. Water supply has been a continuous issue,Solar,"Outdoor activities, lack of shade, lack of indoor cooling facility","Sharps and needles shipped to Taveuni Hospital, septic tank system, general waste burnt onsite",N/A,Talks on Relocation of the permanent NS to a permanent location is underway,Fiji
Nabouwalu Hospital,,-17.00,178.69,Bua,Medium to High Vulnerability,2.00,AC3,N/A,No,No,No,Yes,Yes,No,Yes,No,No,No,No,No,No,No,High,High,High,High,High,High,High,High,High,"Distance of HCF, lack of proper roads (70%), yes accessing safe water","WAF supply available, need water filter for the hospital","Generator + EEL, MOIT main power supply, generator backup","Outdoor activities, lack of shade, lack of indoor cooling facility","Incinerated infectious wastes, buried vials, general waste is burnt, respiratory illness including allergens, injuries All those that access the Hospital",Present,"Teenage pregnancies, Vax defaulters, High risk of DV unreported, NCD population on defaulters-communal living, Farming and fishing communities 80%, Yes, people living with disabilities are registered in all HCFs under the subdivision",Fiji
Nabouwalu HC,,-17.00,178.69,Bua,Medium to High Vulnerability,2.00,AC3,N/A,No,No,No,Yes,Yes,No,Yes,No,No,No,No,No,No,No,High,High,High,High,High,High,High,High,High,"Lack of proper roads, transportation costs, more than 80%","WAF supply, need water filter for the HC and Hospital","Generator + EEL, MOIT main power supply, generator backup","Outdoor activities, lack of shade, lack of indoor cooling facility","Burnt onsite, respitatory illness including allergens, injuries, 60% those that access the facility",Mosquitoes present,"Similar issues and cases with other medical areas, 90% are farmers, Yes, PLWD are registered in the HC, Lack of safe water for drinking and cooking",Fiji
Lekutu HC,,-16.69,178.71,Bua,Medium to High Vulnerability,2.00,AC3,N/A,No,No,No,Yes,Yes,No,Yes,No,No,No,No,No,No,No,Average,Average,Average,Average,Average,Average,Average,Average,Average,"Distance of HCF, transportation costs, more than 80%, lack of safe water for drinking and sanitation",Water tank,"EEL main only, solar energy, generator as back up","Outdoor activities, lack of shade, lack of indoor cooling facility","Need improvement, sharps and needles to Nabouwalu, the rest is either burnt and bury, respiratory illnes including allergens, all those that access the facility",Mosquitoes present,"Similar to other medical areas, mostly farming communities""-- 70% are farmers, Yes, people living with disabilities are registered",Fiji
Wainunu HC,,-16.86,178.88,Bua,Medium to High Vulnerability,2.00,AC3,N/A,No,No,No,Yes,Yes,No,Yes,No,No,No,No,No,Yes,No,Average,Average,Average,Average,Average,Average,Average,Average,Average,"Lack and distance or proper roads, transportation costs 80% and above",WAF Supply,Solar energy but network doens't work there,"Outdoor activities, lack of shade, lack of indoor cooling facility","Need improvement, infectious waste to Nabouwalu, sharps and needles. Other burnt onsite. Respiratory illness including allergens, injuries",Mosquitoes present,"Similar to other medical areas, mostly farming communities""-- 60% are farmers, Yes, people living with disabilities are registered 6 in total. Lack of safe water for drinking and sanitation",Fiji
Bua NS,,-16.79,178.61,Bua,Medium to High Vulnerability,2.00,AC3,N/A,No,No,No,Yes,Yes,No,Yes,Yes,No,No,No,No,Yes,No,Average,High,High,Average,Average,Average,High,Average,Average,"Well renovated, distance of HCF, lack of proper road, transportation costs",Water tank,EEL + solar,"Outdoor activities, lack of shade, lack of indoor cooling facility","Sharps and needles to Nabouwalu Hospital. General wastes burnt onsite, Respiratory illness including allergens, Injuries 60% and those that access the facility",Present,"Similar to other medical areas, mostly farming communities""-- 70% are farmers, registered PLWD under the NS, lack of safe water for drinking and sanitation",Fiji
Kubulau NS,,-16.92,179.01,Bua,Medium to High Vulnerability,2.00,AC3,N/A,No,No,No,Yes,Yes,No,Yes,Yes,No,No,No,Yes,Yes,No,Average,Average,Average,Average,Average,Average,Average,Average,Average,"Rugged road, transportation costs very high, 60$ on hire, rise in fare for buses, transportation for staffs to conduct work",Water tank,"Solar energy, 8 panels by WORLD BANK POWERING PRINTERS, MHMS solar lights only","Outdoor activities, lack of shade, lack of indoor cooling facility",Sharps and needles to Nabouwalu Hospital. General wastes burnt onsite,Mosquitoes present,"WATER SEEPAGE AND WET WHETHER...AFFECTED BY NUMEROUS EARTHQUAKES.CLINIC AREA FLOOR, Low vax coverage- High defaulters (fridge damaged), Financial constraints - high transportation costs"" Farming communities 100%, Mentally challenged 1, Total of 19 - People living with Disability, Lack of water...water tank empty at both QUARTERS and clinic has 1 reserve 3000Litres tanks.",Fiji
Navakasiga NS,,-16.67,178.58,Bua,Medium to High Vulnerability,2.00,AC3,N/A,No,No,No,Yes,Yes,Yes,Yes,Yes,No,No,No,Yes,Yes,No,High,Low,Low,Average,Average,Average,Average,Low,Low,"Distance of HCF, lack of proper roads, transportation costs very high, network problem",Water tank,Solar + backup generator,"Outdoor activities, lack of shade, lack of indoor cooling facility","General waste burnt onsite, sharps and needles to Nabouwalu Hospital, respiratory illness including allergens, injuries to all those that access the facility",Present,"Similar issues with other medical areas, Farming and fishing communities- Above 70%, 19 registered altogether - People living with disability, Lack of safe water for drinking, cooking, hygiene practices, Much needed improvement for sanitation, High in diarrheal cases during communal gatherings, High number of asthma cases during cold seasons, Lack of renovations, as renovations was done before 2016. Guttering not fixed. Both water tanks empty.""",Fiji
Yadua NS,,-16.81,178.32,Bua,High Vulnerability,3.00,AC2,N/A,Yes,Yes,No,Yes,Yes,No,No,Yes,No,Yes,Yes,Yes,Yes,Yes,Low,Average,Average,Average,Average,Average,Average,Average,Average,"Lack of distance of HCF, lack of proper roads, potential damage to roads/bridges/bldgs",Rainwater in the water tanks + water supply continuous issue,Generator + solar,"Outdoor activities, lack of shade, lack of indoor cooling facility","Sharps and needles shipped to Taveuni Hospital, septic tank system, general waste burnt onsite",Present,"Excessive Kava drinking for 18+, Mostly farmers as a source of employment, Lack of safe water for drinking and cooking and hygiene practices, Registered - dorms visits",Fiji
Labasa Divisional Hospital,,-16.43,179.38,Macuata,Medium to High Vulnerability,2.00,AC3,N/A,No,No,No,Yes,Yes,No,No,No,Yes,Yes,No,Yes,No,Yes,High,High,High,High,High,High,High,High,High,"Transportation OK. Only during flooding, difficult to reach the hospital.",WAF + water tank,Generator + EEL,"Outdoor activities, lack of shade",Well looked after and catered,Rodents high,"SOCIO-ECONOMIC ISSUES, MALNUTRITION AND DIARRHEA ANZ SEVERE PNEUMONIA at 8 months. Dengue like symptoms, A lot of referrals from peripherals, 50% farmers, 4 subdivisions clinical waste are disposed here at LABASA HOSPITAL, On a hill, but surrounded by the hill, 559 dengue cases from January to June 2022 whole of VL, high amount of dengue in Feb, March April - rainy months 100+ cases, Data from 2014 of dengue cased. Interesting case to see, Increase over the years...escalating over the years.""",Fiji
Labasa HC,,-16.43,179.38,Macuata,Medium to High Vulnerability,2.00,AC3,N/A,No,No,No,Yes,Yes,Yes,Yes,Yes,No,Yes,No,Yes,No,Yes,Average,Average,Average,Average,Average,Average,Average,Average,Average,"Transportation from the bus stand is an issue, esp. for mothers who have undergone surgery, water issues, washroom sharing with visitors/patients/staff",WAF supply,"EEL main only, no backup power source","Outdoor activities, lack of shade","Working fine, clinic waste to the hospital",Present,"0-5 default of vaccination and clinics,  Nutrition- under Nutrition referred to social welfare, Primary school level- defaulters and also anti- vaxxers believers, Teenage pregnancy- the cases went up, Substance abuse went up, School dropouts high, Majority are farmers, private workers",Fiji
Wainikoro HC,,-16.30,179.56,Macuata,Medium to High Vulnerability,2.00,AC3,N/A,No,No,No,Yes,Yes,No,Yes,Yes,No,Yes,No,Yes,No,No,Average,Average,Average,Average,Average,Average,Average,Average,Average,"Flooding during flooding...accessbility will be affected, all affected due to flooding on both ends of the road...patients are stuck as well in the HCF during, only during flooding, if water dams block","WAF + water tank, brown water tank from water catchment","EEL main only, still waiting on backup","Outdoor activities, lack of shade, lack of indoor cooling facility","Need improvements, clinical waste to Labasa Hospital and other general waste are burnt on site",High,"Malnutrition .... improvement to diet to kids and children, DV - assault, TEENAGE pregnancies...15years the youngest, Farming communities - sugarcane farms and yaqona and also rice and dalo, There are dropouts in the villages, Have people living with disabilities and registered yes",Fiji
Vunivutu NS,,-16.30,179.51,Macuata,Medium to High Vulnerability,2.00,AC3,N/A,No,No,No,Yes,Yes,Yes,Yes,Yes,No,No,No,Yes,Yes,No,High,Average,Average,Average,Average,Average,Average,Low,Average,"Lack of proper roads, dusty roads, distance of HCF"" 70% are affected",WAF supply,"EFL main only, no backup power, sunking solar for lights only.","Outdoor activities, lack of shade, lack of indoor cooling facility","Need improvement, general waste burnt onsite, sharps and needles to Labasa Hospital, respiratory illness including allergens, injuries, all those that access the facility",Present,"None as related by the nurse, Farming and fishing communities -- 70% above, Yes, people living with disability are registered under the Facility, Lack of safe water, Dusty road, More than 60% live beside the river",Fiji
Visoqo NS,,-16.22,179.66,Macuata,Medium to High Vulnerability,2.00,AC3,N/A,No,No,No,No,No,Yes,No,No,No,No,No,Yes,Yes,No,High,Average,Average,Average,Average,Average,Average,Average,Average,"By boat or bus, or they walk via improper roads, Accessibility to NS is very costly and far,Lack of proper roads, Dusty road, Above 70%","Water tank + JICA's provided filtered water systems for NS, 1 boarding school and 1 village",Solar energy,"Outdoor activities, lack of shade, lack of indoor cooling facility","General waste burnt onsite, sharps and needles to Labasa Hospital, respiratory illness including allergens, injuries, all those that access the facility",Mosquitoes present,"Similar cases as other medical areas, Mostly farming & fishing communities -- 70%, Registered in the HCF for Physically and mentally challenged, Monthly visits to them."" 1.4% , Lack of safe and clean water during dry seasons, sanitation - Satisfactory but can be improved",Fiji
Coqeloa HC,,-16.37,179.46,Macuata,Medium to High Vulnerability,2.00,AC3,N/A,No,No,No,Yes,Yes,Yes,Yes,Yes,No,No,No,Yes,No,No,Average,Average,Average,Average,Average,Average,Average,Average,Average,"Flooding of access bridges to reach HCF, lack of safe water, borehole supply",Borehole and water tanks,"EEL main only, no backup","Outdoor activities, lack of shade, lack of indoor cooling facility","Sharps to the hospital, thers gets burnt onsite, respiratory illness including allergens, those that are living beside the area of burning.",Present,"Social stress and peer pressure, teenage pregnancies, family issues, farming communities’ sugarcane and root crops, high percentage of primary school, partially and mental challenges. Depression, schizophrenia, mania..too Disability Location of the community, transportation fares..$5 one way is very expensive, leptospirosis cases ongoing....since January 2022....23 positive cases from January to May, dengue cases - 16 cases from February to May.. 2022.",Fiji
Nasea HC,,-16.43,179.37,Macuata,Medium to High Vulnerability,2.00,AC3,N/A,No,No,No,Yes,Yes,No,No,No,No,No,No,Yes,No,No,High,High,High,High,High,High,High,High,High,"Accessible to town residents"" None issue, None - access to safe drinking water – treated commonly",WAF supply,EEL + solar,"Outdoor activities, lack of shade, lack of indoor cooling facility","General waste burnt onsite, sharps and needles to Labasa Hospital, respiratory illness including allergens, injuries, all those that access the facility",Present,"Similar social issues experienced and presented at Labasa Heath Centre, serving the same medical area, 70% --sugarcane farmers, work in town and civil servants, 100 % in school (Primary/Secondary/Tertiary/ECE), PLWD Registered & recorded -- Dorms visits to them""",Fiji
Seaqaqa HC,,-16.52,179.14,Macuata,Medium to High Vulnerability,2.00,AC3,N/A,No,No,No,No,Yes,No,No,No,No,No,No,Yes,No,No,Average,Average,Average,Average,Average,Average,Average,Average,Average,Transportation issues,WAF supply,EEL + solar,"Outdoor activities, lack of shade","Sharps and needles to Labasa, vials buried, others burnt onsite",Present,"Teenage pregnancies, children negligence, none but at times, water is brown in color, flooding during TC ANA.",Fiji
Dreketi HC,,-16.59,178.90,Macuata,Medium to High Vulnerability,2.00,AC3,N/A,No,No,No,No,Yes,No,No,No,Yes,Yes,No,Yes,No,No,Average,Low,Low,Low,Low,Low,Low,Low,Low,"Improper roads, transportation issues and costs, more...just need a total renovation",WAF supply,"EEL + solar, generator as back up","Outdoor activities, lack of shade","Sharps and needles to Labasa, general waste burned onsite, respiratory illness including allergens",Present,"Similar issues with other issues with other medical areas, Mostly farmers – source of employment, 70% in school, People living with disabilities are Registered under the HCF, Lack of drinking of water, Need a lot of improvement",Fiji
Naduri HC,,-16.45,179.16,Macuata,Medium to High Vulnerability,2.00,AC3,N/A,No,No,No,No,Yes,Yes,Yes,Yes,Yes,Yes,No,Yes,Yes,No,High,Average,High,Average,Average,High,High,Average,Average,"Distance of HCF, lack of proper roads, transportation costs",Water tank,"EEL + main only, backup generator not wired properly","Outdoor activities, lack of shade, lack of indoor cooling facility","Sharps and needles to Labasa, general waste burned onsite, respiratory illness including allergens, all those access to the facility",Present,"Similar issues with other medical areas, Farming and fishing communities Above 70%, Yes, persons living with disability are registered at the HCF, Lack of safe water for drinking, cooking and hygiene practices, Need improvements. Patients’ toilets are leaking. Staff’s toilets not working for the last 3 years as, 100%of the community that is within this medical area of Naduri live by the sea/coast. And also prone to flooding. However, the HCF is safely placed and positioned...but water is the issue. They need a filtering device in their current water system, Mini-dam for HCF, SCHOOLS and villages up to Naduri.",Fiji
Dogotuki HC,,-16.30,179.71,Macuata,Medium to High Vulnerability,2.00,AC3,N/A,No,No,No,Yes,Yes,Yes,No,No,No,No,No,Yes,Yes,No,High,High,High,Average,High,Average,Average,Average,Average,"Lack of proper roads, distance of NS, transportation costs more than 80%","Water tank and rainwater supply for NS, also dam source water supply",Solar + generator but no fuel,"Outdoor activities, lack of shade, lack of indoor cooling facility","Sharps and needles to Labasa Hospital, general waste onsite burning, respiratory illness including allergens, injuries, all those access the facility",Present,"Teenage pregnancies, Children negligence, Substance abuse- few communities got raided because of Marijuana farming, Copra farmers as the main source of employment, Fishermen, Above 70% in school, Registered under the NS of people living with disability, Lack of safe water for drinking and cooking",Fiji
Udu NS,,-16.15,179.99,Macuata,Medium to High Vulnerability,2.00,AC3,N/A,No,No,No,No,Yes,No,Yes,No,No,No,No,No,No,No,High,Low,Low,Low,Low,Low,Low,Low,Low,"No roads thus, they all travel by boat to reach the facility and now with the rise in fuel prices, fuel for the boat will also be a constraint Likely 80% as majority of them need health care assistance from time to time, Lack of safe water for drinking, cooking, washing, bathing, etc, Lack of safe health infrastructure at the NS, poor working environment; damaged doors, leaking ceilings, A lot of insects that bite creating a high disease vector risk, For the community, no road therefore, hard to access the station if there is no fuel for the boat","Water tank, ""It would be a understatement to say our appreciation if something is done about the renovation of the station and Improvement of the water source for the station and the community.",Solar,Outdoor activities,"The HCF has flushed toilet however the community still uses water seal toilets. Sanitation is good. HCF has a septic tank for human waste disposal, infectious waste is disposed of the incinerator.",High mosquitoes,"The younger age group cannot conveniently get their EPI vaccines from the station as the solar fridge was damaged by a cyclone in 2020. The other age group, in terms of a health risk cannot be seen comfortably in the station during rainy weather as the station get flooded from leaky ceilings and damaged doors, hence the rain water sips into the room. Water has been a problem for the community, they cannot access good clean water for drinking let alone for proper disposal of human waste. Socially, with the rise in fuel cost and other essentials, it'll be a constraints for the CBA group in providing adequate resources for survival for their families. Some of them suffer from limb amputations as a result of disease complications % not accurate, only 1 amputee in the community, 0.3%. Waterborne diseases | Vector borne diseases 100% of the population in Udu are affected by this",Fiji
Lagi HC,,-16.24,179.84,Macuata,Medium to High Vulnerability,2.00,AC3,N/A,No,No,No,No,Yes,No,Yes,No,No,No,No,No,Yes,No,Average,Average,Average,Average,Average,High,Average,Average,Average,"The roads are still gravel roads and some communities only have access via sea to reach the HC. 20%. Water source via borehole and rainwater in water tanks, medium safe drinking and cooking water. Soggy environment when it downpours for days so gumboots is a must for everyone walking around the community, risk of CDs""",Borehole + Water tank,Solar,Outdoor activities,"Septic tanks for the human waste disposal, Incinerator for infectious waste, biodegradable ones",Present,"0-5 yrs: increasing prices of diapers and formula milk for the bottle-fed babies and healthy food, but good for the mothers to resort to the old school ways; use of napkins, breastfeeding and backyard farming. 6-14 years: primary schoolers: rise in fuel cost and bus fare, financial constraints to reach their schools, let alone prices of essentials to cater their daily needs. 15-19 yrs: teenagers, prime years of puberty where interaction is a healthy part of growing up. Being able to be exposed to the media and have a healthy social interaction in town and cities is nearly Impossible with the rise in bus fare prices and fuel prices for boats. 20- 59 years: tertiary and working group, CBA group, they are obliged to fend for their families and are the most stressful age group as they will be the ones worrying about the rising prices of goods, fuel and other essentials. 60+ years: the elderlies whom are given most leeway to these rising costs of living mostly in terms of bus fares, but they get social welfare allowances that just isn't enough with the high cost of living. Majority of the population in CBA group are farmers and fishermen. Only 1 primary school within the area, has a roll of 113, has students from other areas too and 1 secondary school. Most tertiary students have access to education in Labasa and Viti Levu, as according to their choice, around 60% of the population are students. Only 1 mentally challenged person within the area 0.1%",Fiji
Naqumu NS,,-16.48,179.02,Macuata,Medium to High Vulnerability,2.00,AC3,N/A,No,No,No,Yes,Yes,Yes,No,No,No,No,No,Yes,Yes,No,Low,Low,Average,Low,Low,Average,Average,Low,Low,"Distance of HCF, improper roads conditions, transportation costs, intermittent opening times for HCF 80%",Water tank,Solar,"Outdoor activities, lack of shade, lack of indoor cooling facility","Sharps and needles to Labasa Hospital. General waste burnt onsite, Respiratory illness including allergens, Injuries -- 60% those that access the facility",Mosquitoes present,Mostly farming communities Above 70%. Yes PLWD registered under the NS 1.3%. Lack of safe water for drinking and cooking. Improvement much needed,Fiji
Cikobia NS,,-15.72,180.07,Macuata,Medium to High Vulnerability,2.00,AC3,N/A,Yes,Yes,No,No,Yes,Yes,No,Yes,No,Yes,No,Yes,Yes,Yes,Average,Low,Average,Low,Low,Average,Low,Average,Average,"No proper roads to the NS, costly transportation - if travel to mainland - 70% is affected. Lack of safe water for drinking and sanitation",Water tank,Generator + solar,"Outdoor activities, lack of shade, lack of indoor cooling facility","Needles and sharps take to Labasa Hospital, onsite burning and bury for general wastes, respiratory illness including allergens - all those that access to the HCF",Present,Mostly excessive kava consumption for 19+ Mostly fishermen and farmers. Registered and recorded in the NS N>A. Need improvements - to the whole bldg. Development needs - refurbishments and repairs needed for the Cikobia NS.,Fiji
Kia NS,,-16.24,179.09,Macuata,Medium to High Vulnerability,2.00,AC3,N/A,No,No,No,No,Yes,Yes,No,Yes,No,Yes,No,Yes,Yes,Yes,High,High,Average,High,High,High,High,High,Average,"No proper roads to HCF, potential damage to roads 80%, Lack of safe water for drinking and sanitation",Water tank + borehole supply of water rainwater tank supply,Generator + solar,"Outdoor activities, lack of shade, lack of indoor cooling facility","Needles and sharps taken to Labasa Hospital, onsite burning and bury for general wastes",Present,"Needles and sharps take to Labasa Hospital, onsite burning and bury for general wastes, respiratory illness including allergens - all those that access to the HCF",Fiji
Malolo Health Centre,,-17.74,177.18,Lautoka/Yasawa,Medium to High Vulnerability,2.00,N/A,N/A,Not Applicable,Not Applicable,Not Applicable,Not Applicable,Not Applicable,Not Applicable,Not Applicable,Not Applicable,Not Applicable,Not Applicable,Not Applicable,Not Applicable,Not Applicable,Not Applicable,Not Applicable,Not Applicable,Not Applicable,Not Applicable,Not Applicable,Not Applicable,Not Applicable,Not Applicable,Not Applicable,Not Applicable,Not Applicable,Not Applicable,Not Applicable,Not Applicable,Not Applicable,Not Applicable,Fiji
Lautoka Hospital,,-17.62,177.45,Nadi,Medium to High Vulnerability,2.00,N/A,N/A,Not Applicable,Not Applicable,Not Applicable,Not Applicable,Not Applicable,Not Applicable,Not Applicable,Not Applicable,Not Applicable,Not Applicable,Not Applicable,Not Applicable,Not Applicable,Not Applicable,Not Applicable,Not Applicable,Not Applicable,Not Applicable,Not Applicable,Not Applicable,Not Applicable,Not Applicable,Not Applicable,Not Applicable,Not Applicable,Not Applicable,Not Applicable,Not Applicable,Not Applicable,Not Applicable,Fiji
Momi Nursing Station,,-17.92,177.27,Nadi,Medium to High Vulnerability,2.00,N/A,N/A,Not Applicable,Not Applicable,Not Applicable,Not Applicable,Not Applicable,Not Applicable,Not Applicable,Not Applicable,Not Applicable,Not Applicable,Not Applicable,Not Applicable,Not Applicable,Not Applicable,Not Applicable,Not Applicable,Not Applicable,Not Applicable,Not Applicable,Not Applicable,Not Applicable,Not Applicable,Not Applicable,Not Applicable,Not Applicable,Not Applicable,Not Applicable,Not Applicable,Not Applicable,Not Applicable,Fiji
Nawaicoba Nursing Station,,-17.92,177.37,Nadi,Medium to High Vulnerability,2.00,N/A,N/A,Not Applicable,Not Applicable,Not Applicable,Not Applicable,Not Applicable,Not Applicable,Not Applicable,Not Applicable,Not Applicable,Not Applicable,Not Applicable,Not Applicable,Not Applicable,Not Applicable,Not Applicable,Not Applicable,Not Applicable,Not Applicable,Not Applicable,Not Applicable,Not Applicable,Not Applicable,Not Applicable,Not Applicable,Not Applicable,Not Applicable,Not Applicable,Not Applicable,Not Applicable,Not Applicable,Fiji
Nadi Sub‑Divisional Hospital,,-17.77,177.44,Nadi,Medium to High Vulnerability,2.00,N/A,N/A,Not Applicable,Not Applicable,Not Applicable,Not Applicable,Not Applicable,Not Applicable,Not Applicable,Not Applicable,Not Applicable,Not Applicable,Not Applicable,Not Applicable,Not Applicable,Not Applicable,Not Applicable,Not Applicable,Not Applicable,Not Applicable,Not Applicable,Not Applicable,Not Applicable,Not Applicable,Not Applicable,Not Applicable,Not Applicable,Not Applicable,Not Applicable,Not Applicable,Not Applicable,Not Applicable,Fiji
Nailaga Health Centre,,-17.51,177.66,Ba,Medium to High Vulnerability,2.00,N/A,N/A,Not Applicable,Not Applicable,Not Applicable,Not Applicable,Not Applicable,Not Applicable,Not Applicable,Not Applicable,Not Applicable,Not Applicable,Not Applicable,Not Applicable,Not Applicable,Not Applicable,Not Applicable,Not Applicable,Not Applicable,Not Applicable,Not Applicable,Not Applicable,Not Applicable,Not Applicable,Not Applicable,Not Applicable,Not Applicable,Not Applicable,Not Applicable,Not Applicable,Not Applicable,Not Applicable,Fiji
Ba Sub‑Divisional Hospital,,-17.53,177.67,Ba,Medium to High Vulnerability,2.00,N/A,N/A,Not Applicable,Not Applicable,Not Applicable,Not Applicable,Not Applicable,Not Applicable,Not Applicable,Not Applicable,Not Applicable,Not Applicable,Not Applicable,Not Applicable,Not Applicable,Not Applicable,Not Applicable,Not Applicable,Not Applicable,Not Applicable,Not Applicable,Not Applicable,Not Applicable,Not Applicable,Not Applicable,Not Applicable,Not Applicable,Not Applicable,Not Applicable,Not Applicable,Not Applicable,Not Applicable,Fiji
Cuvu Health Centre,,-18.13,177.42,Nadroga/Navosa,Medium to High Vulnerability,2.00,N/A,N/A,Not Applicable,Not Applicable,Not Applicable,Not Applicable,Not Applicable,Not Applicable,Not Applicable,Not Applicable,Not Applicable,Not Applicable,Not Applicable,Not Applicable,Not Applicable,Not Applicable,Not Applicable,Not Applicable,Not Applicable,Not Applicable,Not Applicable,Not Applicable,Not Applicable,Not Applicable,Not Applicable,Not Applicable,Not Applicable,Not Applicable,Not Applicable,Not Applicable,Not Applicable,Not Applicable,Fiji
Vatukarasa Health Centre,,-18.18,177.61,Nadroga/Navosa,Medium to High Vulnerability,2.00,N/A,N/A,Not Applicable,Not Applicable,Not Applicable,Not Applicable,Not Applicable,Not Applicable,Not Applicable,Not Applicable,Not Applicable,Not Applicable,Not Applicable,Not Applicable,Not Applicable,Not Applicable,Not Applicable,Not Applicable,Not Applicable,Not Applicable,Not Applicable,Not Applicable,Not Applicable,Not Applicable,Not Applicable,Not Applicable,Not Applicable,Not Applicable,Not Applicable,Not Applicable,Not Applicable,Not Applicable,Fiji
Verata Nursing Station,,-17.87,178.61,Nadroga/Navosa,Medium to High Vulnerability,2.00,N/A,N/A,Not Applicable,Not Applicable,Not Applicable,Not Applicable,Not Applicable,Not Applicable,Not Applicable,Not Applicable,Not Applicable,Not Applicable,Not Applicable,Not Applicable,Not Applicable,Not Applicable,Not Applicable,Not Applicable,Not Applicable,Not Applicable,Not Applicable,Not Applicable,Not Applicable,Not Applicable,Not Applicable,Not Applicable,Not Applicable,Not Applicable,Not Applicable,Not Applicable,Not Applicable,Not Applicable,Fiji
Namara Nursing Station,,-17.95,178.59,Nadroga/Navosa,Medium to High Vulnerability,2.00,N/A,N/A,Not Applicable,Not Applicable,Not Applicable,Not Applicable,Not Applicable,Not Applicable,Not Applicable,Not Applicable,Not Applicable,Not Applicable,Not Applicable,Not Applicable,Not Applicable,Not Applicable,Not Applicable,Not Applicable,Not Applicable,Not Applicable,Not Applicable,Not Applicable,Not Applicable,Not Applicable,Not Applicable,Not Applicable,Not Applicable,Not Applicable,Not Applicable,Not Applicable,Not Applicable,Not Applicable,Fiji
Korovisilou Health Centre,,-18.25,177.88,Suva,Medium to High Vulnerability,2.00,N/A,N/A,Not Applicable,Not Applicable,Not Applicable,Not Applicable,Not Applicable,Not Applicable,Not Applicable,Not Applicable,Not Applicable,Not Applicable,Not Applicable,Not Applicable,Not Applicable,Not Applicable,Not Applicable,Not Applicable,Not Applicable,Not Applicable,Not Applicable,Not Applicable,Not Applicable,Not Applicable,Not Applicable,Not Applicable,Not Applicable,Not Applicable,Not Applicable,Not Applicable,Not Applicable,Not Applicable,Fiji
Galoa Nursing Station,,-19.08,178.18,Suva,Medium to High Vulnerability,2.00,N/A,N/A,Not Applicable,Not Applicable,Not Applicable,Not Applicable,Not Applicable,Not Applicable,Not Applicable,Not Applicable,Not Applicable,Not Applicable,Not Applicable,Not Applicable,Not Applicable,Not Applicable,Not Applicable,Not Applicable,Not Applicable,Not Applicable,Not Applicable,Not Applicable,Not Applicable,Not Applicable,Not Applicable,Not Applicable,Not Applicable,Not Applicable,Not Applicable,Not Applicable,Not Applicable,Not Applicable,Fiji
Nausori Health Centre,,-18.03,178.53,Rewa,Medium to High Vulnerability,2.00,N/A,N/A,Not Applicable,Not Applicable,Not Applicable,Not Applicable,Not Applicable,Not Applicable,Not Applicable,Not Applicable,Not Applicable,Not Applicable,Not Applicable,Not Applicable,Not Applicable,Not Applicable,Not Applicable,Not Applicable,Not Applicable,Not Applicable,Not Applicable,Not Applicable,Not Applicable,Not Applicable,Not Applicable,Not Applicable,Not Applicable,Not Applicable,Not Applicable,Not Applicable,Not Applicable,Not Applicable,Fiji