source_file,is_relevant,non_expert_policy_maker_question,expert_translation_analytical_query,follow_up_needed,non_technical_follow_up_questions,expert_approach,visual
IPCC_AR6_WGI_Chapter11.pdf,True,"How confident are scientists that the increasing heat waves we're experiencing in Kiribati are caused by climate change, and can we attribute specific extreme heat events to human influence?",Load Kiribati's historical temperature records and overlay with a raster of attribution confidence levels for heat extremes from IPCC AR6 data. Compute the spatial extent where the probability of extreme heat events has increased due to human influence.,True,"Are you interested in a specific island group like the Gilbert Islands, or the whole of Kiribati? Would you like to see the attribution for heat waves, or also for extreme rainfall events?","1. Load Kiribati administrative boundaries and filter to atoll islands. 2. Load gridded attribution dataset (e.g., IPCC WGI AR6) and clip to Kiribati extent, then calculate zonal statistics of attribution confidence for heat extremes. 3. Package results as a styled map layer and a summary chart.",Style the map layer with a diverging color ramp showing high confidence in attribution in red and low confidence in blue. Render a bar chart in the chat panel comparing the number of attributable heat events per decade for the selected atoll.
esd-12-401-2021.pdf,True,How will the increasing frequency of extreme heatwaves affect our public health and power grid in low-lying atoll nations like Kiribati?,"Calculate the projected change in heatwave days (Tmax > 35°C) for Kiribati from a downscaled climate model ensemble, and overlay with health facilities and power infrastructure layers to identify at-risk assets.",True,"Are you specifically concerned about heat impacts on the main island of Tarawa, or across all of Kiribati's islands? Which critical infrastructure (hospitals, power stations) should we prioritize for mapping?","1. Load projected daily maximum temperature data from a downscaled SMILE (e.g., CMIP6) and filter to the Kiribati region. 2. Process: Compute heatwave index (consecutive days with Tmax > 35°C) for a future time slice, then classify hazard zones. 3. Package: Intersect heatwave hazard zones with point layers of health facilities and power infrastructure, calculate exposure counts, and export as GeoJSON for the map canvas.","Style the map with a heatwave risk gradient (yellow to red) over Kiribati's atolls, and render an inline bar chart in the chat panel showing the number of health facilities and power stations located in high-risk zones."
IPCC_AR6_WGI_Chapter11.pdf,True,"How will more frequent and intense heat extremes affect public health and energy demand on our main islands in Fiji, and which communities are most at risk?","Map the projected change in annual maximum temperature (TXx) for Fiji under SSP3-7.0, classify areas where TXx exceeds 35°C as high heat risk, and overlay health facility locations to identify clinics in high-risk zones.",True,"Would you like to focus on a specific island like Viti Levu or Vanua Levu? And are you most concerned about impacts on hospitals, schools, or electricity infrastructure?","1. Load downscaled CMIP6 TXx GeoTIFF for SSP3-7.0 (mid-century) and clip to Fiji administrative boundary. 2. Reclassify the raster: pixels >35°C as 'high risk', create polygon layer of high-risk zones. 3. Perform spatial join between high-risk polygons and health facility point layer, then count facilities per risk zone.","Style the map with a red-yellow heat risk gradient for TXx anomaly, overlay health facility points sized by catchment population. In the chat panel, render a bar chart showing the number of health facilities inside vs outside high-risk heat zones."
IPCC_AR6_WGI_Chapter11.pdf,True,How will increasing heat extremes and compound events affect public health and freshwater availability on low-lying atolls like Tuvalu?,"Load CMIP6 downscaled daily maximum temperature projections for Tuvalu under SSP5-8.5, compute the annual count of days with TX > 35Â°C and heatwave duration (â¥3 consecutive days > 95th percentile of historical baseline), then intersect with settlement and water lens polygons to identify exposure hotspots.",True,Which specific Pacific Island nation or atoll group are you most concerned about? Are you primarily interested in health impacts on communities or risks to freshwater lenses?,"1. Filter and load CMIP6 NetCDF files for the Tuvalu region, clipping to the atoll boundary shapefile. 2. Process the raster stack to calculate extreme heat indices (TX35, HWF, HWD) for a future time slice (e.g., 2041-2070). 3. Package the resulting hazard layers and overlay with population and groundwater lens vector data, exporting a GeoPackage for the QGIS project.","Style the map with a classified heatmap of projected annual heatwave days per atoll, using a yellow-to-red ramp. In the chat panel, render a bar chart comparing the historical (1985-2014) and future (2041-2070) average number of heatwave days for the selected atoll."
IPCC_AR6_WGI_Chapter11.pdf,True,"How will rising temperatures increase the frequency and intensity of dangerous heatwaves on low-lying coral atolls like Kiribati, and which communities are most at risk of heat stress?","Calculate the projected change in annual count of days with maximum temperature exceeding 35°C by mid-century (2040–2059) under SSP5-8.5, and perform a zonal overlay with high-resolution population density data to identify at-risk settlements in Kiribati.",True,"Are we focusing on a specific atoll like Tarawa or Kiritimati? Would you like to prioritize outdoor worker exposure, school locations, or elderly population density?","1. Load CMIP6-downscaled daily maximum temperature rasters for the historical (1995–2014) and future (2040–2059) periods. 2. Clip rasters to the Kiribati boundary and apply a cell-wise exceedance count for Tmax > 35°C to produce a heatwave days layer. 3. Overlay the heatwave days layer with a population density raster (e.g., WorldPop) using zonal statistics to compute total exposed population per atoll.","Style the heatwave frequency layer as a red-yellow heatmap graduated by number of extreme days per year. Render an inline bar chart showing, for each major atoll, the current vs. projected number of heatwave days alongside exposed population estimates."
IPCC_AR6_WGI_Chapter11.pdf,True,"With the IPCC projecting increases in heavy precipitation events globally, how serious is the threat of compound flooding from extreme rainfall combined with storm surges on our low‑lying atolls, such as in the Marshall Islands?","Intersect the projected change in Rx5day (max 5‑day precipitation) under a 2°C warming scenario with a coastal flood hazard layer and a high‑resolution digital elevation model for the Marshall Islands, classifying cells where both pluvial and marine flood events overlap as areas of elevated compound flood risk.",True,"Are you most concerned about a particular atoll, like Majuro or Kwajalein? Would you like to see how this risk affects population centers, freshwater lenses, or critical infrastructure?","1. Load the CMIP6 multi‑model ensemble median projection of Rx5day change for the 2°C GWL period, and a coastal flood inundation layer (e.g., from GTSM or similar). 2. Intersect the precipitation extreme layer and the coastal flood layer with a clipped DEM for the Marshall Islands, retaining cells where both hazards exceed local critical thresholds. 3. Package the resulting compound flood hazard index as a GeoJSON overlay for immediate rendering.","Style the compound flood risk layer with a five‑class yellow‑to‑red gradient on the QGIS map canvas, overlaid on the atoll extents and population settlement points. In the chat panel, render a bar chart showing the estimated population and the area of critical coastal infrastructure falling within each risk class."
IPCC_AR6_WGI_Chapter11.pdf,True,How will the projected increase in heatwave frequency and intensity affect public health and electricity grids in small Pacific Island nations like Fiji?,"Calculate the projected change in annual number of days with maximum temperature exceeding 35°C under a 2°C global warming scenario for Fiji using downscaled CMIP6 data, and overlay with population density and critical infrastructure (hospitals, power substations).",True,"Are you specifically concerned about Fiji, or would you like to see this analysis for other Pacific Island countries like Vanuatu or Samoa? Additionally, which critical assets should we map—hospitals, schools, or power infrastructure?","1. Filter: Load bias-corrected CMIP6 daily maximum temperature projections, clip to Fiji administrative boundary, and extract the extreme heat index (TXx, heatwave days). 2. Process: Compute the change in frequency of days exceeding 35°C between historical (1995-2014) and 2°C warming period; perform zonal statistics to aggregate exposure per district and intersect with point layers of health facilities and power substations. 3. Package: Publish a heat exposure risk geotiff and a summary table of population and assets exposed to increased heatwaves.","On the map canvas, render the heatwave frequency increase layer using a yellow-to-red heatmap gradient over Fiji’s districts. In the chat panel, display a grouped bar chart comparing current vs. future average annual heatwave days per district, with a dashed line indicating the health-hazard threshold of 35°C."
IPCC_AR6_WGI_Chapter11.pdf,True,How will the frequency of dangerous heat days change on low-lying atolls like Kiribati if global warming reaches 1.5°C versus 2°C?,"Load a gridded climate projection layer of annual extreme heat days (e.g., TX35 or equivalent) for GWL 1.5°C and 2.0°C from a multi-model ensemble, clip to the exclusive economic zone of Kiribati, and compute the difference in average number of heat days per year between the two warming levels.",True,"Would you like to focus specifically on Kiribati, or another Pacific Island nation like Tuvalu or the Marshall Islands? Are you most concerned about heat stress on human health, or impacts on agriculture and water resources?","1. Filter: Load NetCDF layers of extreme heat frequency at GWL 1.5°C and 2.0°C from the IPCC AR6 Atlas or CMIP6 repository. 2. Process: Clip both rasters to the Kiribati boundary, then calculate the difference raster (2.0°C minus 1.5°C) and zonal statistics for each atoll. 3. Package: Export the difference raster as a GeoTIFF and the zonal statistics table as a CSV for the chat panel.",Style the difference raster on the map with a red-blue diverging color ramp to highlight increases in heat days; render an inline bar chart in the chat window comparing the average annual number of extreme heat days for each atoll at 1.5°C versus 2.0°C.
esd-12-401-2021.pdf,True,"How will changes in regional climate variability, such as more intense heatwaves, affect public health and energy demands on a densely populated Pacific Island like Fiji?",Analyze projected changes in summer temperature variability from downscaled climate model ensembles. Map the spatial intersection of extreme heat days (above 35°C) with critical infrastructure (hospitals and power stations) and population density.,True,"To tailor this analysis, could you specify which Pacific Island nation you are most concerned about? Also, are you primarily interested in the impact on public health facilities, the electrical grid, or both?","1. Load the user-specified island's boundary layer and filter a multi-model ensemble climate projection layer for the RCP 8.5 scenario. 2. Process the data by calculating the change in the standard deviation of daily maximum summer temperatures between a historical baseline (e.g., 1985-2014) and a future period (e.g., 2070-2099). 3. Package the result into a new raster layer showing the spatial distribution of increased temperature variability and overlay it with point layers of hospitals and power stations.",Style the new 'Increased Temperature Variability' raster layer with a warm-to-hot color ramp (yellow to dark red). Generate a pop-up chart for each critical infrastructure point showing the projected increase in the number of extreme heat days per year.
IPCC_AR6_WGI_Chapter11.pdf,True,"With global warming, how much more frequent will dangerously hot days become in Pacific Island countries like Tuvalu, and what impact could that have on our communities?","Calculate the change in the number of days per year exceeding the Health Heat Index threshold of 40.6 °C for a specified Pacific Island boundary, using downscaled climate projections at warming levels of +1 °C, +1.5 °C, +2 °C and +3 °C. Aggregate the results to the island scale to compare the frequency increase relative to a 1981–2000 baseline.",True,"Which specific island group are you most concerned about – low-lying atolls such as Kiribati, Tuvalu, or the Marshall Islands, or larger volcanic islands like Fiji? And which sectors are your priority for heat stress analysis: outdoor workers, schools, or healthcare facilities?","1. Load bias-adjusted CMIP6 Health Heat Index projections, clip to the selected island boundary, and resample to a common grid resolution.  2. For each warming scenario, compute pixel-level annual count of days with HHI > 40.6 °C, then derive multi-model ensemble mean and area‑weighted island aggregates, comparing to the 1981–2000 baseline.  3. Package the results as a classified raster layer and an exposure summary table.","The QGIS map will use a yellow‑to‑red heatmap ramp to show per‑grid‑cell increase in dangerous heat days, with higher color intensity where the change is greater. In the chat panel, an inline bar chart will compare the present‑day frequency with the projected frequencies under +1.5 °C, +2 °C, and +3 °C, alongside the percentage of the island’s land area exposed to HHI > 40.6 °C for at least 30 days per year."
esd-12-401-2021.pdf,True,How will changes in extreme precipitation affect flood risks and freshwater availability on low-lying atolls like Tuvalu?,"Overlay projected changes in extreme precipitation return periods (e.g., 100-year event) with atoll island boundaries and freshwater lens extents to identify areas where increased rainfall intensity may cause flooding or compromise groundwater quality.",True,"Are you focusing on a specific atoll nation such as Tuvalu, Kiribati, or the Marshall Islands? Would you like to prioritize mapping flood-prone infrastructure or the vulnerability of freshwater lenses?","1. Filter/Load: Load downscaled CMIP6 extreme precipitation indices (e.g., Rx5day, R99p) for the Pacific region and clip to the selected atoll nation's boundary. 2. Process: Calculate the ensemble mean change in 100-year return levels, then intersect with layers of island polygons, population settlements, and mapped freshwater lens extents. 3. Package: Generate a risk classification raster where high precipitation change overlaps with critical assets or groundwater lenses, and export as a GeoJSON layer for the web map.","Style the map with a diverging color ramp (brown to blue) for precipitation change intensity, overlay semi-transparent atoll polygons and freshwater lens boundaries, and render a bar chart in the chat panel comparing projected changes in extreme rainfall across different atolls."
IPCC_AR6_WGI_Chapter11.pdf,True,"Given the projected increases in heatwave frequency and intensity over most land areas, how will these heat extremes affect public health risks and power grid stability in low-lying coral atolls like the Marshall Islands?","Load a raster layer of projected heatwave frequency change (CMIP6 multi-model mean, SSP5-8.5) clipped to the Marshall Islands EEZ, and intersect with point layers of health facilities and power stations to compute exposure metrics under a high-warming scenario.",True,"Are you specifically interested in the Marshall Islands, or would you like to focus on another Pacific Island nation? Would you like to map exposure for hospitals, power generation sites, or both?","1. Filter and load the CMIP6 heatwave frequency raster for the selected scenario, clip to the target island boundaries. 2. Load critical infrastructure point layers (hospitals, power plants) and perform a spatial join to assign raster values to each point. 3. Classify facilities into exposure categories and generate summary statistics for the chat chart.","Style the heatwave frequency raster with a yellow-to-red gradient, and overlay hospital and power station points as graduated symbols based on their exposure level. In the chat panel, render a horizontal bar chart showing the count of exposed facilities by atoll or island."
IPCC_AR6_WGI_Chapter11.pdf,True,"How will climate change alter extreme rainfall events in the equatorial Pacific, and what does that mean for flood risks on vulnerable islands like Kiribati?",Calculate the projected percentage change in the annual maximum daily precipitation (Rx1day) per degree of global warming for an equatorial Pacific bounding box and overlay on a Kiribati atolls layer.,True,"Are you specifically concerned with Kiribati, or would you like to see projections for another Pacific Island group like Tuvalu or the Marshall Islands? Also, are you focusing on a particular type of flooding, such as coastal inundation or overloading of drainage systems?",1. Filter CMIP6 netCDF precipitation projection data for the 'equatorial Pacific' domain and the 'ssp585' scenario. 2. Process the netCDF to calculate the multi-model ensemble median fractional change in Rx1day per degree of global warming using a linear regression over a 2050-2100 time slice. 3. Package the raster as a GeoTIFF and apply a custom QGIS pseudocolor symbology for direct overlay onto an OSM base map and a Kiribati Island group vector layer.,"Update the map canvas to show a color-coded raster layer over the equatorial Pacific, with a red-blue diverging palette highlighting the robust amplification of precipitation extremes near the equator, directly overlaying the Gilbert Islands chain. In the chat panel, render a bar chart comparing the projected Rx1day change for Tarawa, Tuvalu, and Majuro."
IPCC_AR6_WGI_Chapter11.pdf,True,"How will compound flooding from sea level rise and heavy rainfall increase the risk of freshwater shortages on our low-lying atolls, like those in Kiribati or Tuvalu?","Overlay IPCC sea level rise inundation extents (SSP2-4.5, 2100) with extreme rainfall flood zones (e.g., 1-in-100 year event from CHIRPS or local gauge data) for a selected atoll. Intersect the combined hazard layer with mapped freshwater lens locations to identify lenses at risk of saltwater contamination.",True,"Which specific atoll group are you most concerned about—for example, Funafuti in Tuvalu or South Tarawa in Kiribati? Would you like to focus on freshwater lens contamination or direct inundation of villages and infrastructure?","1. Filter and Load: Load sea level rise risk zones, high-intensity rainfall flood extents, and freshwater lens point data for the target atoll from the QGIS geopackage. 2. Process: Perform a spatial union of SLR and rainfall floods to create a compound flood hazard polygon, then run 'intersection' with the freshwater layer to tag threatened lenses. 3. Package: Export the resulting 'compound_flood_freshwater_risk' layer as GeoJSON and push to the map canvas widget; generate summary statistics for the chat panel.","Map: Style the compound flood hazard polygon with a two-color gradient (blue for SLR-dominant, red for rainfall-dominant) and highlight impacted freshwater lenses with large yellow warning triangles. Chart: Display a small bar chart in the chat panel comparing the number of freshwater sources at risk under current conditions versus the 2°C warming scenario."
IPCC_AR6_WGI_Chapter11.pdf,True,"How can we use the definition of extreme heat days (like days above 35°C) to project future heatwave health risks for our remote communities on low-lying atolls such as the Marshall Islands, and what does a change in frequency mean for our national heat action plans?","Compute the change in annual count of days where daily maximum temperature exceeds 35°C between a historical period (1981–2010) and a future period (2041–2060) under RCP8.5, using statistically downscaled climate model layers clipped to the Marshall Islands boundary.",True,"Are you most worried about heat impacts in the capital Majuro or the outer atolls? Should we focus on health vulnerability (heat stroke, the elderly) or on infrastructure strain like freshwater supply and electricity?","1. Load gridded daily maximum temperature data (historical and future) and filter to the bounding box of the target atoll nation. 2. For each grid cell, count days with temperature >35°C per year, then average over the specified periods to get a baseline and a projection. 3. Calculate the difference (future minus historical) and join the result to a vector grid or mask of the islands; export as a point or polygon layer.","On the map, display the change layer with a red gradient for grid points showing an increase in hot days. In the chat panel, embed a horizontal bar chart comparing the historical and projected average annual hot days for Majuro and two outer atolls."
IPCC_AR6_WGI_Chapter11.pdf,True,"How can the evidence from prehistoric coastal flood and storm deposits help our low-lying atoll nation, like Kiribati, better prepare for future storm surge and sea level rise risks?",Overlay a layer of paleotempest deposit locations with projected sea level rise inundation zones and critical infrastructure points for Kiribati. Compute intersection to identify assets exposed to storm surge return periods derived from long-term paleo records.,True,"Which atoll in Kiribati are you focusing on? Should we map exposure of hospitals, schools, or water lens areas?","1. Load paleotempest overwash deposit point layer (e.g., from coastal marsh sediments) and a vector layer of projected 100-year sea level rise flood zones. 2. Buffer deposit points by typical storm surge radius, then intersect with asset points and flood zones. 3. Classify exposure risk based on presence in both buffer and flood zone, output as scored layer.","Display paleotempest points as amber diamonds, flood zones as semi‑transparent blue hatches, and exposed assets as red circles. Simultaneously render a stacked bar chart in the chat panel showing count of exposed assets per atoll and return period category."
IPCC_AR6_WGI_Chapter11.pdf,True,"How will the frequency of extreme heat days change in low-lying atoll nations like Kiribati, and what are the implications for public health and energy demand?","Calculate the projected change in annual count of days with maximum temperature exceeding the 95th percentile of the historical baseline (heatwave days) for Kiribati under SSP2-4.5 and SSP5-8.5 scenarios using CMIP6 downscaled data, and overlay with population distribution to quantify exposure.",True,"Are you specifically interested in Kiribati, or would you like to see projections for another Pacific Island nation like Tuvalu or the Marshall Islands? Should we focus on the capital island (e.g., South Tarawa) or the entire country?","1. Filter and load CMIP6 daily maximum temperature rasters for the selected SSP scenarios, clip to Kiribati administrative boundary. 2. Process: compute baseline 95th percentile threshold from historical period (1985-2014), then count days per year exceeding that threshold for future time slices (e.g., 2040-2059). 3. Package: intersect heatwave day raster with population density grid to calculate exposed population and produce a risk index layer.","On the map canvas, style the Kiribati layer with a graduated red-orange-yellow ramp showing projected increase in annual heatwave days by mid-century. In the chat panel, render a grouped bar chart comparing historical average heatwave days versus projected values for South Tarawa under both emission scenarios."
IPCC_AR6_WGI_Chapter11.pdf,True,"How will changes in land use and air pollution (aerosols) affect the number of extremely hot days in Suva, Fiji, and what does that mean for heat-related illnesses and the strain on our electricity grid?","Using downscaled CMIP6 projections, extract temperature data over Fiji's Viti Levu island and calculate the change in the annual count of days with maximum temperature exceeding 35°C under different Shared Socioeconomic Pathways (e.g., SSP3-7.0 vs. SSP5-8.5) that include varying land-use and aerosol forcing. Overlay the resulting heat-day grids with population density and critical infrastructure (hospitals, substations) to map exposure.",True,"Are you most concerned about heat impacts in urban Suva or across the entire island of Viti Levu? Would you like to prioritize mapping for outdoor workers, health clinics, or only the electricity grid infrastructure?","1. Filter/Load: Retrieve bias-adjusted daily maximum temperature rasters for Fiji from the IPCC Interactive Atlas or local data repository for two contrasting scenarios (e.g., high vs. low aerosol emissions). 2. Process: Use QGIS Raster Calculator to compute the frequency of days above a 35°C threshold for each scenario period (e.g., 2041–2060), then calculate the difference raster; clip to Viti Levu land mask. 3. Package: Zonal statistics to aggregate population exposure by district, and intersect with point layers of hospitals and substations to flag high-risk assets.","Style the difference raster with a red-yellow heat color ramp to highlight areas with a projected increase of 10, 20, or 30+ additional extreme heat days per year. In the chat panel, render a comparative bar chart of average heat days for Suva, Nadi, and Lautoka under the two aerosol scenarios, and place dynamic labels on the map showing population per heat-risk zone."
IPCC_AR6_WGI_Chapter11.pdf,True,"How will the projected increase in hot extremes and heatwave days threaten public health and the electrical grid on the main island of Tarawa, Kiribati?","Load a projected heatwave frequency layer (e.g., annual heatwave days under a 2°C warming scenario from the IPCC AR6 Atlas), clip to Tarawa atoll boundary, and overlay population density and critical infrastructure (hospitals, power stations) to calculate zonal statistics of exposed population and assets.",True,"Would you like to focus on Tarawa in Kiribati, or another low-lying atoll nation? Are you primarily concerned about heat risks to health clinics, the central power station, or vulnerable neighborhoods?",1. Filter/Load: Import the global CMIP6 heatwave days layer for the selected warming level and filter to Tarawa's vector boundary. 2. Process: Intersect with a population density raster and point layers of hospitals and power facilities; compute zonal statistics to quantify population and infrastructure units in areas exceeding 30 heatwave days/year. 3. Package: Export the resulting risk map as GeoJSON and prepare summary tables with counts and percentages.,"The map will color-code Tarawa's neighborhoods using a red-orange heatwave frequency gradient, with darker shades indicating areas exceeding 30 heatwave days annually. An inline bar chart in the chat panel will compare the number of health facilities and power substations located in high-risk zones versus safer zones."
IPCC_AR6_WGI_Chapter11.pdf,True,"If global warming reaches 2°C above pre‑industrial levels, how will the frequency of extreme heat days in Suva, Fiji change compared to a 1.5°C warmer world, and which neighbourhoods in the capital will face the greatest heat stress risk?","Calculate the difference in the annual number of days with daily maximum temperature exceeding 35°C between the +2°C and +1.5°C global warming levels using downscaled CMIP6 climate projections for the Fiji region, and produce a per‑pixel risk map for the Suva metropolitan area.",True,"Would you like to focus only on the Suva urban area, or should we extend the analysis to other populated islands such as Vanua Levu? Are there specific critical facilities (hospitals, schools, power substations) you want us to overlay on the heat risk map?","1. Filter: Load the CMIP6 multi‑model ensemble of bias‑corrected daily maximum temperature (tasmax) for the Fiji domain, extract time slices that correspond to +1.5°C and +2.0°C global warming levels. 2. Process: For each grid cell, count the average annual number of days with tasmax > 35°C under each warming level, then compute the difference raster (days at +2°C minus days at +1.5°C). 3. Package: Save the difference raster as a Cloud‑Optimized GeoTIFF, add it to the QGIS project, and publish as a Web Map Service (WMS) layer for the chat interface.","Style the difference layer with a red‑yellow sequential colour ramp to highlight neighbourhoods with the largest increase in extreme heat days, overlaid on a semi‑transparent Suva streets basemap. In the chat panel, embed an interactive horizontal bar chart comparing the average additional hot days for each ward of Suva."
esd-12-401-2021.pdf,True,"With climate change, how will the frequency of dangerous heatwaves change across our low-lying atolls like Tuvalu, and which islands might face the highest rise in extreme heat days that could overwhelm health services?","Using the RCM SMILE ensemble, extract the daily maximum temperature field for Tuvalu’s grid cells under the +2°C global warming scenario. Compute the change in the annual number of days exceeding the local 95th percentile heat threshold relative to the pre-industrial baseline, and aggregate by island atoll.",True,"Are you specifically interested in the main island of Funafuti, or would you like the analysis to cover all nine atolls of Tuvalu? Should we focus on public health infrastructure such as clinics, or also include schools and community centers?","1. Filter/Load: Load the RCM SMILE netCDF for the Southeast Asia–Pacific domain and subset to Tuvalu’s bounding box. 2. Process: For each ensemble member, compute bias-adjusted daily tasmax, then count annual exceedances of the historical 95th percentile; average across ensemble members and compute change from baseline. 3. Package: Write the resulting point-level heatwave frequency change estimates to a GeoJSON layer keyed to atoll names.","On the QGIS map, render the atoll polygons with a graduated color ramp from yellow to dark red representing the increase in extreme heat days per year, with labels showing the exact number. In the chat panel, display a bar chart comparing the projected change for each atoll, along with a warning threshold line indicating when the heat index exceeds health safety limits."
IPCC_AR6_WGI_Chapter11.pdf,True,"How will more frequent and intense heatwaves, combined with dry spells, threaten freshwater supplies and public health on low-lying coral atolls like those in Kiribati or Tuvalu?","Overlay CMIP6 projections of heatwave frequency (e.g., TX90p) and consecutive dry days onto Pacific Island administrative boundaries. Compute the area and population exposed to compound hot-dry events under SSP2-4.5 at 2°C global warming.",True,"Which island group are you most concerned about—Kiribati, Tuvalu, the Marshall Islands, or another? Are you focusing on impacts to household rainwater tanks, community groundwater lenses, or health clinic capacity?","1. Load the CMIP6 multi-model ensemble netCDF for heatwave indices and dry spell length, then filter to the Pacific domain. 2. Process by clipping to the selected country’s island polygons, resampling to 0.1° resolution, and calculating the joint probability of exceeding heat and dry thresholds. 3. Package the result as a GeoJSON overlay showing risk zones and a summary table of exposed population per atoll.","Style the map layer with a yellow-to-red heatwave risk gradient for each atoll, and render a bar chart in the chat panel comparing the projected number of additional hot days per year for the selected island group versus the historical baseline."
IPCC_AR6_WGI_Chapter11.pdf,True,"How will the frequency of extreme heat days change in low-lying atoll nations like Kiribati under 2°C of global warming, and what does that mean for heat stress on our communities?","Extract projected changes in the return frequency of the 10-year and 50-year extreme maximum daily temperature events for the AR6 region containing Kiribati (e.g., 'Pacific Small Islands' or nearest grid cells) under a +2°C global warming scenario from CMIP6 multi-model ensemble data.",True,"Would you like to focus on a specific island group such as Kiribati, Tuvalu, or the Marshall Islands? Are you most concerned about heat impacts on public health, agriculture, or energy demand?","1. Filter: Load CMIP6 extreme temperature frequency change statistics (Table 11.SM.9) and subset to the Pacific Islands region using a spatial mask. 2. Process: Calculate the median and 66% uncertainty range of frequency multipliers for 10-year and 50-year events at +2°C warming. 3. Package: Export the regional statistics as a GeoJSON layer with attributes for median, lower, and upper bounds.","On the QGIS map, style the Pacific Islands region with a graduated color ramp representing the median frequency multiplier for the 50-year extreme heat event (e.g., from 1x to 8x more frequent). In the chat panel, render a box plot chart showing the multi-model spread of frequency changes for both 10-year and 50-year events under 1°C, 1.5°C, 2°C, 3°C, and 4°C warming levels."
esd-12-401-2021.pdf,True,"Our coastal city in Fiji relies on consistent rainfall for drinking water and agriculture. How might climate change affect our year-to-year precipitation variability, and could we experience more frequent extreme wet or dry years even if the average rainfall doesn't change much?","Calculate the change in interannual precipitation variability (standard deviation of annual/seasonal totals) between a baseline period and a future warming level (e.g., 2°C or 4°C) for the specified Fijian city grid cell. Overlay the city point on a raster layer showing the difference in precipitation variance to visualize the local change in volatility.",True,"Which specific city or catchment area in Fiji are you most concerned about for water security? Are you primarily interested in changes to total annual rainfall reliability, or the intensity of summer wet season downpours?","1. Filter a climate model ensemble (e.g., CMIP6) NetCDF layer to extract precipitation time series for the grid cell covering the user-specified Fijian city. 2. Process the data by calculating the standard deviation of annual precipitation for a historical baseline (e.g., 1985-2014) and a future period (e.g., 2070-2099 under SSP5-8.5), then compute the difference. 3. Package the result as a styled point marker on the map canvas and a statistical summary for the chat panel.","On the QGIS map, add a point marker for the selected Fijian city, styled with a diverging color ramp (e.g., brown for increased variability, teal for decreased) based on the calculated change in precipitation standard deviation. In the chat panel, render a bar chart comparing the baseline interannual variability against the projected future variability, with error bars showing the ensemble spread."
IPCC_AR6_WGI_Chapter11.pdf,True,How will the projected increase in extreme heatwaves and coastal flooding from compound events affect our low-lying atoll nation like Tuvalu?,"Spatially overlay projected coastal flood zones (incorporating sea level rise and storm surge) with critical infrastructure and population layers, and map the change in frequency of concurrent heatwave and drought days under a +2°C warming scenario.",True,"Would you like to focus on a specific atoll group such as Funafuti or Nanumea? Are you most concerned about impacts on freshwater lenses, health facilities, or housing?",1. Filter and load global coastal flood hazard layers for +2°C scenario and clip to Tuvalu boundary. 2. Process by intersecting flood extents with building footprints and population density grids to calculate exposed assets. 3. Package results into a risk score layer and a heatwave frequency chart from downscaled climate projections.,"Update the map canvas to show a semi-transparent red coastal inundation layer over the atoll basemap, with exposed buildings highlighted in orange. In the chat panel, render a bar chart comparing current and projected annual heatwave days for Tuvalu."
IPCC_AR6_WGI_Chapter11.pdf,True,"How will increasing heat extremes affect our communities on low-lying atolls like Kiribati, and which islands or villages face the greatest risk of dangerous heat stress in the coming decades?","Calculate the projected change in annual number of days with maximum temperature exceeding 35°C (or heat index above 41°C) for a 2°C global warming level over Kiribati, and intersect with populated places layer to identify high-risk settlements.",True,Would you like to focus on a specific atoll group such as Tarawa or Kiritimati? Are there particular facilities like schools or health clinics you want to prioritize in the risk assessment?,"1. Load CMIP6 downscaled daily maximum temperature and humidity rasters for Kiribati, filtered to the 2°C GWL time slice. 2. Compute the heat index or count of extreme heat days per year, then zonal statistics to aggregate by village boundaries. 3. Package the result as a risk layer and a summary table of top exposed settlements.","Style the map with a red-yellow heat gradient for extreme heat days per year, and render a bar chart in the chat panel ranking the top 10 villages by number of high-risk days."
IPCC_AR6_WGI_Chapter11.pdf,True,How will the number of extreme heatwave days change on low‑lying atolls like those in Kiribati as the climate continues to warm?,"Calculate the projected change in annual heatwave days (TX90p or similar index) for the Gilbert Islands region from a CMIP6 multi‑model ensemble under SSP2‑4.5, and map the spatial variation of these changes across the atolls.",True,Would you like to focus on a specific island group such as the Gilbert Islands or the Marshall Islands? Do you have a particular threshold—like the number of days above 35°C—for defining an “extreme heat” day?,"1. Filter the CMIP6 netCDF projections to the bounding box of the target atoll nation and extract the heatwave days index (e.g., WSDI or TX90p). 2. Compute the multi‑model mean and the linear scaling of heatwave days per degree of global warming over the 21st century decadal time slices. 3. Package the results as a GeoTIFF layer with associated decadal statistics for use in QGIS.","Apply a yellow‑to‑red graduated color ramp to the atoll polygons showing the projected increase in annual heatwave days by 2050, and display an inline line chart in the chat panel that plots the multi‑model mean heatwave days against time from 2020 to 2100 for the selected island group."
IPCC_AR6_WGI_Chapter11.pdf,True,Our health clinics in Kiribati are worried about more frequent heatwaves. What does the IPCC say about observed increases in extreme heat and how much humans have contributed to it?,Load a spatial layer of health facility locations in Kiribati and overlay it with the IPCC AR6 regional assessment polygons containing attributes for observed extreme heat trends and human contribution confidence; select facilities where the regional trend is 'Increase' and the attribution confidence is 'High' or 'Very likely'.,True,"Are you specifically concerned about Kiribati, or would you like to see this analysis for other Pacific Island nations like Tuvalu or the Marshall Islands? Also, which type of infrastructure (health clinics, schools, power plants) should we prioritize in the mapping?","1. Filter/Load: Load the IPCC AR6 WGI regional extreme heat assessment layer (polygons with attributes: observed change direction, confidence level, human contribution confidence) and a point layer of health facilities in Kiribati. 2. Process: Perform a spatial join to attach the regional extreme heat attributes to each facility point, then filter to keep only facilities where 'observed change' = 'Increase' and 'human contribution confidence' contains 'High' or 'Very likely'. 3. Package: Export the filtered facility locations as a new GeoJSON layer and compute summary statistics (count of facilities by confidence level).","Style the health facility points using a color ramp that reflects the human contribution confidence (e.g., darker shades for higher confidence). In the chat panel, render a bar chart showing the number of health facilities in each confidence category (High, Medium, Low) for human contribution to extreme heat increases."
IPCC_AR6_WGI_Chapter11.pdf,True,"With human-induced climate change increasing the frequency and intensity of temperature extremes, how will escalating heatwaves threaten public health and electricity supply on low-lying coral atolls like the Marshall Islands?","Intersect CMIP6-downscaled extreme heat projection layers (e.g., Warm Spell Duration Index, TX90p) with spatial data layers of health facilities, power generation stations, and population settlement areas for the selected atoll group. Calculate the percent change in the number of days exceeding a critical heat threshold that would compromise medical cold storage and overload power transformers.",True,"Are you primarily concerned with a specific atoll like Majuro or Kwajalein? Do you want to map at-risk clinics, power transformers, or both, and what heat threshold worries you most – 35°C or higher?","1. Filter: Load the Pacific Islands regional climate extreme indices layer and clip to the Marshall Islands boundary; load asset layers (health facilities, power infrastructure). 2. Process: Spatially join extreme heat threshold exceedance frequency with asset points and population polygons; compute vulnerability scores. 3. Package: Classify risk zones and generate a printable map with statistical summary of assets in high-risk areas.","The QGIS map canvas will render atolls shaded by projected increase in extreme heat days (yellow to deep red palette), with clinic and power station icons overlaid; the chat panel will display a bar chart comparing baseline and projected days above 35°C for each atoll, highlighting those with critical infrastructure exposure."
IPCC_AR6_WGI_Chapter11.pdf,True,How will more frequent and intense heatwaves affect public health and energy demand on low-lying atolls like Kiribati?,"Load the IPCC projected change in hot temperature extremes layer for a +2°C global warming scenario, clip to the boundary of Kiribati, and overlay with population density and health facility point data to compute exposure indices.",True,"Are you specifically interested in Kiribati, or would you like to see projections for other Pacific nations such as Tuvalu or the Marshall Islands? Which infrastructure assets (e.g., hospitals, schools, power plants) are you most concerned about?",1. Filter: Load the global heatwave frequency raster from the IPCC AR6 WGI Atlas and extract the Pacific domain. 2. Process: Clip the raster to the Kiribati administrative boundary and reclassify into risk categories; intersect with population grid and critical infrastructure points. 3. Package: Calculate zonal statistics for each atoll and export a GeoJSON of high-risk areas.,"Style the map canvas with a red-orange heatmap gradient for projected increase in hot days per year, and render an inline bar chart comparing current vs. projected annual heatwave days for the selected atoll group."
IPCC_AR6_WGI_Chapter11.pdf,True,"How will the increasing probability of compound flooding events from storm surges and heavy rainfall, driven by sea level rise, impact coastal communities and freshwater resources on low-lying atolls such as the Marshall Islands?",Overlay IPCC AR6 sea level rise projections and storm surge hazard rasters with freshwater lens boundaries and building footprints for selected atolls; compute the spatial intersection to quantify assets at risk of compound flooding.,True,"Can you specify which atoll nation or specific islands you are most concerned about? Also, should we focus on mapping freshwater wells, hospitals, or transportation infrastructure?","1. Load sea level rise and storm surge layers, mask to Pacific Islands AOI. 2. Process: generate compound flood extent by combining SLR-inundated zones and pluvial flood maps, then intersect with infrastructure layers. 3. Package: count exposed assets per island and export as risk-classified GeoJSON.","Style the compound flood hazard layer with a dark blue to light blue gradient on the map canvas indicating probability levels. In the chat panel, display a stacked bar chart comparing the number of exposed freshwater wells, buildings, and roads under 2°C and 4°C global warming scenarios."
IPCC_AR6_WGI_Chapter11.pdf,True,"Our low-lying atoll nation is already dealing with coastal flooding from king tides. How do we plan for rare, high-impact compound events—like a tropical cyclone hitting during a high tide while a drought is also affecting our freshwater supply—that we haven't seen in our historical records?","Generate a multi-hazard risk surface for a selected atoll (e.g., Tarawa, Kiribati) by overlaying a coastal inundation layer (SLR + storm surge scenario), a cyclone wind-speed buffer, and a drought vulnerability index for groundwater lenses. Calculate the spatial intersection where all three hazards overlap to identify critical 'compound event' exposure zones.",True,"To make this analysis specific to your needs, could you confirm which island group you are most concerned about (e.g., Tuvalu, Marshall Islands, Kiribati)? Also, are you primarily interested in mapping the risk to village infrastructure, freshwater lenses, or agricultural areas?",1. Load and filter spatial layers: Clip a global storm surge inundation raster and a cyclone track buffer to the target atoll boundary. 2. Process: Rasterize a freshwater lens sensitivity vector layer and perform a weighted overlay with the inundation and cyclone hazard rasters. 3. Package: Extract the high-risk 'compound hazard' zones as a new vector polygon layer and calculate the area of affected assets.,"Style the map canvas to show the new 'Compound Event Risk Zones' layer with a high-contrast red hatched pattern over the atoll basemap. In the chat panel, render a bar chart comparing the total area (in hectares) of affected freshwater lenses versus village infrastructure within these high-risk zones."
IPCC_AR6_WGI_Chapter11.pdf,True,"How will the frequency of extreme heat days in Tuvalu change under a 2°C global warming scenario, and what does that mean for public health and critical infrastructure on our low‑lying atolls?","For Tuvalu (nested within the Pacific Small Islands AR6 region), extract the projected change in frequency of 10‑year and 50‑year extreme temperature events at +2°C global warming from the CMIP6 multi‑model ensemble, then overlay with settlement and health facility layers.",True,Are you focusing on the main island Funafuti or all outer islands? Should we prioritize mapping health clinic exposure or the impact on agriculture and water supplies?,"1. Filter the global CMIP6 extreme temperature frequency dataset to the Pacific Small Islands AR6 bounding box and clip to Tuvalu’s administrative boundary. 2. Process: compute island‑average frequency multipliers (median, 66% and 90% uncertainty ranges) for 10‑year and 50‑year events at the 2°C warming level. 3. Package: export the statistics as a GeoJSON attribute table and create a styled map layer.","On the QGIS map, style Tuvalu’s atolls with a graduated color ramp showing the frequency multiplier of 1‑in‑10‑year extreme heat events at +2°C; in the chat panel, render a box plot chart comparing the full uncertainty range of frequency changes for 10‑year and 50‑year events across warming levels from 1°C to 4°C."
IPCC_AR6_WGI_Chapter11.pdf,True,How will increasing heat waves and compound dry-hot events affect our communities and agriculture on low-lying atolls like Kiribati?,"Calculate the projected change in heat wave frequency (e.g., HWF) and compound dry-hot event probability for Kiribati under a +2Â°C global warming scenario using downscaled CMIP6 projections.",True,"Are you most concerned about health impacts on specific islands, or agricultural drought risk? Would you like to see projections for the Gilbert Islands group or the entire nation?","1. Filter/Load: Load a downscaled CMIP6 netCDF layer of daily maximum temperature and a drought index (e.g., SPEI) for the Kiribati region. 2. Process: Compute heat wave frequency (consecutive days above 95th percentile) and compound dry-hot event co-occurrence for historical baseline and +2Â°C future period. 3. Package: Export the change rasters as GeoTIFFs and overlay with population and land-use layers.","Style the map with a red-yellow heatmap gradient showing projected increase in heat wave days per year, and render a grouped bar chart in the chat panel comparing current vs. future heat wave days for selected atolls."
IPCC_AR6_WGI_Chapter11.pdf,True,"How will the number of extremely hot days (over 35°C) change in Fiji under future global warming, and what does that mean for public health and energy demand?","Calculate the projected change in frequency of days with maximum temperature exceeding 35°C for Fiji using downscaled CMIP6 model outputs, and overlay with population density to assess exposure.",True,"Would you like to focus on a specific island group like Fiji, or a particular atoll? Are you interested in health impacts, energy demand, or agricultural stress?","1. Filter/Load: Load downscaled daily maximum temperature projections for the Pacific region and clip to Fiji's administrative boundary. 2. Process: For each grid cell, count days per year where tasmax > 35°C for a future period (e.g., 2041-2060) and subtract the historical baseline count to compute change. 3. Package: Generate a raster layer of the change in hot days frequency and compute zonal statistics for each province.","Style the map with a yellow-to-red heatmap ramp showing the increase in days above 35°C per year. In the chat panel, render a bar chart comparing the average number of hot days for Suva, Nadi, and Labasa between the historical baseline and the future scenario."
IPCC_AR6_WGI_Chapter11.pdf,True,"When we talk about global warming targets like +1.5°C or +2°C, what does reaching those levels mean for the frequency of extreme heat days and coastal flooding on low-lying atolls like Tuvalu?",Load CMIP6-derived extreme heat and precipitation indices at +1.5°C and +2.0°C GWLs for Tuvalu. Zonal-statistically extract grid cell values intersecting Tuvalu's exclusive economic zone polygon and compute the delta change in Tx95t (extremely hot days) and Rx5day (extreme 5-day precipitation) between GWLs.,True,"Are you specifically interested in impacts on Funafuti Atoll, or do you need a national-scale assessment for all of Tuvalu? Should I prioritize mapping the increase in dangerously hot days, or the projected changes in extreme rainfall that might cause flash flooding?",1. Load pre-processed CMIP6 multi-model median raster layers for the 'hot day' threshold (Tx95t) and extreme precipitation (Rx5day) at both +1.5°C and +2.0°C GWLs. 2. Filter a GADM boundary layer to 'Tuvalu' and use it as a mask to clip the four global raster layers. 3. Package the output as a 2x2 panel GeoTIFF showing the spatial distribution of the +2.0°C vs +1.5°C delta change for both variables.,"Update the map canvas to display a diverging red-blue color ramp for the Tuvalu extreme heat delta raster, highlighting Funafuti Atoll with a blinking marker. Simultaneously render a dual bar chart in the chat panel comparing the median atoll-wide projected increase in extremely hot days and 5-day extreme rainfall at +2.0°C versus +1.5°C."
IPCC_AR6_WGI_Chapter11.pdf,True,"With global warming driving more frequent compound coastal flooding events, what will happen to our communities in Kiribati, where king tides and storm surges already cause flooding?",Overlay projected sea‑level rise and storm‑surge return‑period polygons with Kiribati’s high‑resolution DEM and infrastructure layers; compute the area and asset exposure where elevation <1 m intersects compound flood zones.,True,"Would you like us to focus on a specific atoll group like Tarawa or Kiritimati, or should we map compound flooding risk across all of Kiribati’s islands? Also, are there particular infrastructure assets—such as water supply, clinics, or schools—that you want highlighted?","1. Load Kiribati polygon, DEM raster, projected storm‑surge shapefiles, and OSM infrastructure points into QGIS project. 2. Filter DEM to areas ≤1 m elevation, intersect with surge zones, then spatially join infrastructure points within the risk zone. 3. Package clipped layers, compute asset counts per atoll, and write a styled GeoJSON for the map and a summary CSV for the chart.","On the map canvas, display Kiribati atoll boundaries with a semi‑transparent red fill for the compound flood‑risk zones, and render an inline bar chart showing the count of exposed buildings per atoll."
IPCC_AR6_WGI_Chapter11.pdf,True,"How will heavier rainfall events and more intense pluvial flooding impact our drainage systems in urban areas like Suva, Fiji, especially under a 4°C global warming scenario?",Calculate the future pluvial flood susceptibility for a Pacific Island urban area by overlaying a 7% per °C increased extreme precipitation depth (RCP8.5 4°C warming) on a drainage capacity layer and digital elevation model to locate areas where runoff exceeds network capacity.,True,"Which specific island nation or city are you focusing on? Should we prioritize mapping risks for critical infrastructure such as hospitals, schools, and main roads?","1. Load existing drainage pipe/channel vector layer, 10‑year design storm ISO-depth raster, and high‑resolution DEM. 2. Apply a scaling factor of ~28% (4°C × 7%/°C) to the current design storm depth to create a future extreme precipitation raster. 3. Run a simple pluvial flood model: compare accumulated runoff (CN method) with drainage conveyance, flag cells where water depth > 0.15 m, and clip to urban extent.","Render the output as a red‑yellow graduated pluvial flood risk zone layer on the map, using a transparent fill over building footprints. In the chat panel, display a bar chart comparing current vs. future 10‑year one‑day rainfall totals for the selected location, with error bars indicating climate model range."
esd-12-401-2021.pdf,True,"How will climate change affect the frequency and severity of heatwaves in Fiji, and what does that mean for public health and energy infrastructure?","Calculate the change in the number of days per year with maximum temperature exceeding 35°C between a historical baseline (1985-2014) and a future period (2071-2100) using a downscaled multi-model ensemble, and map the spatial distribution of this change across Fiji's islands.",True,"Are you most concerned about heatwave impacts in urban centers like Suva or in rural outer islands? Should we focus on health risks, electricity grid strain, or both?","1. Filter/Load: Load a downscaled CMIP6 daily maximum temperature ensemble for the Pacific domain and clip to Fiji's administrative boundaries. 2. Process: For each grid cell, count days with Tmax > 35°C for historical and future periods, then compute the ensemble-mean change in frequency. 3. Package: Generate a GeoTIFF of the change in heatwave days and a summary table of statistics by province.","Style the map layer with a yellow-to-red color ramp showing the increase in annual heatwave days, and render a grouped bar chart in the chat panel comparing historical vs. future heatwave frequency for the user's selected point of interest."
IPCC_AR6_WGI_Chapter11.pdf,True,"How will extreme rainfall events change in Fiji, and what does that mean for flooding risks in our coastal communities?","Calculate the projected fractional change in annual maximum daily precipitation (Rx1day) per degree of global warming for Fiji using CMIP5/CMIP6 multi-model mean data, and overlay the result on a QGIS map with flood-prone zones.",True,Are you interested in a specific island group like Viti Levu or the outer islands? And would you like to see impacts on river flooding or coastal inundation?,"1. Load the projected Rx1day change raster (e.g., from CMIP6 downscaled ensemble) and clip to the Fiji administrative boundary. 2. Process: compute the percent change per degree warming, classify into bins (e.g., -15% to +15%), and symbolize with a diverging color ramp. 3. Package: overlay with a flood hazard zone layer or population density grid, and export a chart of the distribution of changes across the islands.","Style the map with a blue-to-red diverging ramp showing percent change in extreme precipitation, and render an inline bar chart comparing current and future Rx1day values for selected urban centers or catchment areas."
esd-12-401-2021.pdf,True,"How will climate change affect the frequency and severity of heatwaves in low-lying coral atoll nations like Kiribati, and what risks does this pose to our freshwater lenses and public health?","Load downscaled daily maximum temperature projections for Kiribati from a SMILE dataset; calculate the number of days per year exceeding a heatwave threshold (e.g., 35°C) for each grid cell under baseline (1995–2014) and future (2081–2100) periods. Generate a change map of heatwave frequency.",True,Are you interested in all of Kiribati's islands or a specific atoll like Tarawa? Would you like to see the results as a map of future conditions or as a chart comparing past and future heatwave days?,"1. Filter: Load Kiribati administrative boundary shapefile and clip the projected heatwave frequency raster to its extent. 2. Process: Compute zonal statistics (mean, max) per atoll and calculate the difference between future and baseline heatwave days. 3. Package: Export the processed raster and summary table, then apply a heatmap styling and generate a bar chart of change per atoll.","Display a map layer over Kiribati using a heatmap color ramp (cool to hot) to show the projected increase in heatwave days per year. In the chat panel, render a horizontal bar chart comparing the baseline vs future average number of heatwave days for each major atoll."
IPCC_AR6_WGI_Chapter11.pdf,True,"As greenhouse gas concentrations rise, our low-lying atoll nation of Kiribati is already feeling more intense heatwaves. What is driving these extreme temperature events, and how can we map which communities and health facilities are most at risk from dangerous heat exposure in the coming decades?","Calculate the projected change in annual number of days with maximum temperature exceeding the local 95th percentile (Tmax > T95p) for a future period under SSP5-8.5 across Kiribati’s island groups, then intersect with health facility point locations and population density grid to quantify at-risk populations.",True,"Are you most concerned about heatwave impacts on human health, school closures, or the strain on diesel-powered energy grids? And would you like to focus on a specific island group within your nation, such as Tarawa or the Line Islands?","1. Filter/Load: Retrieve daily near-surface maximum temperature from high-resolution climate model netCDF, subset to Kiribati bounding box, and load health facility and population raster layers.
2. Process: Compute baseline T95p threshold per grid cell from historical period; count future days exceeding that threshold; vectorize and intersect with population and facility data to calculate exposure counts.
3. Package: Aggregate results per atoll/island council and export as polygon GeoJSON with attribute tables for the web map.","Style the map canvas with a graduated red color ramp for ‘additional heatwave days per year’ over each inhabited atoll polygon. In the chat panel, render a ranked bar chart of at-risk population per health facility and a summary card showing the top three islands with most exposed persons."
IPCC_AR6_WGI_Chapter11.pdf,True,"With global warming, how many more days per year will our people in Tuvalu be exposed to dangerous extreme heat that could cause heat stroke, and which islands are most at risk?","Calculate the projected increase in days with Health Heat Index (HHI) exceeding 40.6°C for Tuvalu under 2°C and 3°C warming scenarios, using downscaled climate model data. Clip the global HHI exceedance raster to Tuvalu's atoll boundaries and compute zonal statistics per island.",True,"Are you interested in all islands of Tuvalu, or just the main atoll of Funafuti? Would you like to see the impact on specific vulnerable groups like outdoor workers or the elderly?","1. Filter/Load: Load the global HHI projection raster (e.g., from Q. Sun et al., 2019) and a Tuvalu administrative boundaries shapefile. 2. Process: Clip the raster to Tuvalu, reclassify to count days above 40.6°C, and compute mean annual dangerous heat days per atoll. 3. Package: Generate a vector layer of atolls with the attribute 'dangerous_heat_days' and a summary chart.","Style the Tuvalu atoll polygons with a graduated color ramp from yellow to red based on the average number of dangerous heat days per year. In the chat panel, render a bar chart comparing the projected days for each atoll under 2°C and 3°C warming scenarios."
esd-12-401-2021.pdf,True,"How will changing ENSO teleconnections affect seasonal rainfall patterns and drought risk on our Pacific Island nation, particularly for our water supply and agriculture?","Analyze projected changes in ENSO-driven precipitation teleconnections (e.g., anticorrelation over Australia/South America) to quantify shifts in seasonal rainfall anomalies for a selected Pacific Island domain. Calculate the change in correlation strength between the Niño 3.4 index and local monthly precipitation grids under future warming scenarios.",True,"To ensure I map the correct area, can you confirm which specific Pacific Island country or territory you are focused on (e.g., Fiji, Kiribati, or the Marshall Islands)? Also, are you primarily concerned with impacts on municipal water supply reservoirs, rain-fed agriculture, or groundwater lens recharge?","1. Filter: Load a GCM SMILE-derived precipitation netCDF (e.g., CESM-LE) and clip to the user-specified Pacific Island boundary mask. 2. Process: For each ensemble member, calculate the monthly lagged regression coefficient between the Niño 3.4 SST index and the island-averaged precipitation time series, comparing historical and future (e.g., 2070-2099) periods. 3. Package: Compute the ensemble mean change in teleconnection strength and the probability of enhanced drought conditions (negative precipitation anomalies during El Niño phases).","On the QGIS map canvas, style the island boundary with a diverging blue-to-brown color ramp showing the change in ENSO-precipitation correlation coefficient per grid cell. In the chat panel, render a line chart comparing the historical vs. future distribution of seasonal rainfall anomalies during El Niño months, with a dashed line marking the current water stress threshold."
IPCC_AR6_WGI_Chapter11.pdf,True,At what level of global warming will extreme heat days start to become noticeably more frequent in low‑lying atoll nations like Kiribati or Tuvalu?,"Using CMIP6 multi‑model ensemble data, compute the global warming level (GWL) at which the annual maximum daily maximum temperature (TXx) emerges from the 1850–1900 baseline variability for a user‑selected Pacific Island country (e.g., Kiribati, Tuvalu, Marshall Islands).",True,"Which specific island nation or group are you most concerned about? For example, are you interested in Kiribati, Tuvalu, or the Marshall Islands? Would you like to see the emergence threshold for a particular emissions scenario, or just the global warming level regardless of timing?","1. Load CMIP6 TXx NetCDFs and a polygon layer of Pacific Island countries; filter to the chosen country. 2. For each model grid cell, compute the 20‑year mean TXx for the 1850–1900 baseline and for future periods corresponding to global warming levels of 0.5°C, 1.0°C, 1.5°C, 2.0°C, etc. (using time‑slicing based on when each model crosses those GWLs). 3. Apply a Kolmogorov–Smirnov test to identify the lowest GWL at which the TXx distribution becomes significantly different from the baseline, then map the emergence GWL across the region.","Style the map with a sequential color ramp (e.g., yellow to red) showing the GWL of TXx emergence over the selected island polygons. In the chat panel, render a bar chart comparing the emergence GWL for the chosen island group with the AR6 regional values from Figure 11.8."
IPCC_AR6_WGI_Chapter11.pdf,True,How will the projected increase in heatwave frequency and intensity impact public health and critical infrastructure on low-lying coral atolls like Tuvalu?,"Calculate the multi-model mean change in the number of days with maximum temperature above the 95th percentile (TX95p) for a future global warming level of 2°C relative to pre-industrial, clipped to the atolls of Tuvalu. Overlay the output with a point layer of health facilities and airports to identify exposed assets.",True,"Are you most concerned about heat stress for outdoor workers or about the capacity of health clinics? Which specific island group do you want to map – Tuvalu, Kiribati, or the Marshall Islands?",1. Load the CMIP6-extreme indices GeoPackage filtered to the Pacific domain. 2. Apply an expression to extract the TX95p change layer for the SSP5-8.5 scenario at 2°C warming and clip to the Tuvalu boundary polygon. 3. Run zonal statistics to tabulate the mean additional hot days per atoll and intersect with a health infrastructure layer.,"Style the raster with a red-yellow heat ramp (low to high additional hot days), overlay hospital/clinic points as blue cross markers, and render an inline bar chart of mean extra hot days per atoll."
IPCC_AR6_WGI_Chapter11.pdf,True,How will more frequent and intense hot days and heatwaves impact public health and essential services on low‑lying coral atolls like the Marshall Islands?,"Spatially quantify the projected increase in heatwave frequency (number of heatwave days per year) for a selected Pacific Island group under a high‑warming scenario, and intersect that data with mapped health facility and school locations to identify at‑risk assets.",True,"Would you like to focus on a specific atoll such as Majuro or Kwajalein? Are you most concerned about overheating risks to health clinics, schools, or power infrastructure?","1. Filter CMIP6 downscaled heatwave frequency rasters to the bounding polygon of the target island group (e.g., Marshall Islands Exclusive Economic Zone). 2. Process the raster by classifying areas where the average annual heatwave days exceed 15 and apply a graduated red‑orange symbology. 3. Overlay a point layer of health facilities and schools; calculate the percentage of facilities falling within high‑heat‑exposure zones and package the result as a GeoJSON for the chat panel.","Style the heatwave frequency layer with a hot‑to‑white color ramp (high values in crimson), and render a horizontal bar chart in the chat window comparing the count of exposed vs. non‑exposed health clinics and schools."
esd-12-401-2021.pdf,True,How can large climate model ensembles help us understand the future risk of extreme heatwaves in low-lying coral atolls like Kiribati?,"Load a regionally downscaled SMILE (RCM) raster layer of heatwave frequency or maximum temperature extremes under +2°C/3°C warming scenarios, then clip to the Kiribati atoll boundary and compute zonal statistics (mean, 95th percentile) for each scenario.",True,"Are you specifically interested in Kiribati, or would you like me to focus on another atoll nation such as Tuvalu or the Marshall Islands? Also, would you prefer to assess heatwave days per year, or the probability of record‑breaking temperatures?","1. Filter and load pre‑processed RCM ensemble heatwave index GeoTIFFs from the data store. 2. Process: Clip the rasters to the selected atoll vector boundary and compute pixel‑wise statistics (mean, percentile) across ensemble members. 3. Package: Export the resulting layer and calculate tabular changes in heatwave metrics per scenario for the dashboard.","Style the clipped heatwave frequency raster with a warm‑to‑hot color ramp (e.g., yellow to dark red) and overlay the atoll boundaries. Display an inline bar chart comparing the mean annual heatwave days for each warming scenario."
IPCC_AR6_WGI_Chapter11.pdf,True,Our low-lying atoll nation is experiencing more frequent and intense heatwaves. How will the projected increase in extreme heat days at 1.5°C and 2°C global warming levels affect heat stress on our population and strain our electrical grid in places like Kiribati?,Calculate the projected change in the number of hot days (TX90p) and heatwave duration (WSDI) for the Kiribati region from the CMIP6 ensemble at global warming levels of 1.5°C and 2.0°C. Overlay this raster data with population density and power infrastructure point layers to quantify exposure.,True,"To make this analysis most useful, can you confirm if you are primarily concerned about the Gilbert Islands group? Also, are you most interested in mapping risks to public health facilities, or to specific power generation and transmission assets?","1. Filter: Load the CMIP6-derived extreme temperature indices (TX90p, WSDI) for the 1.5°C and 2.0°C warming scenarios and clip to the Kiribati EEZ boundary. 2. Process: Use the Raster Calculator to compute the delta change from the historical baseline, then run the Zonal Statistics tool against a high-resolution population grid and a buffered power infrastructure point layer. 3. Package: Export the resulting exposure statistics as a GeoJSON feature collection for the web map.","Style the map canvas with a diverging color ramp showing the projected increase in heatwave days per year, from yellow (small increase) to dark red (large increase), overlaid with proportional symbols for population centers. In the chat panel, render a grouped bar chart comparing the number of exposed people and power plants at the 1.5°C versus 2.0°C warming levels."
